poligono_id,anio,no2_mol_m2,no2_relativo_bbox,n_imagenes_no2,so2_mol_m2,n_imagenes_so2,co_mol_m2,n_imagenes_co,hcho_mol_m2,n_imagenes_hcho,ch4_ppb,n_imagenes_ch4,ch4_calidad,o3_du,n_imagenes_o3,o3_calidad
a_3_2_sector_b,2019,1.321978e-05,1.038,5163,1.325022e-04,5157,2.496896e-02,5164,1.846385e-04,5163,1795.5375,5134,baja,270.58,5112,baja
colonia_laosiana,2019,1.278188e-05,1.0036,5163,2.382300e-05,5157,2.607094e-02,5164,1.625441e-04,5163,1827.8121,5134,baja,270.31,5112,baja
san_jorge,2019,1.355034e-05,1.0639,5163,1.054945e-04,5157,2.488279e-02,5164,1.827737e-04,5163,1801.1372,5134,baja,270.59,5112,baja
23_de_septiembre,2019,1.543773e-05,1.2121,5163,8.285999e-05,5157,2.536209e-02,5164,1.767597e-04,5163,,5134,baja,270.65,5112,baja
villa_mola,2019,1.581223e-05,1.2415,5163,8.501870e-05,5157,2.588856e-02,5164,1.708775e-04,5163,,5134,baja,270.54,5112,baja
san_marcos,2019,1.349242e-05,1.0594,5163,9.449782e-05,5157,2.462245e-02,5164,1.823886e-04,5163,1785.1802,5134,baja,270.6,5112,baja
las_dolores,2019,1.290928e-05,1.0136,5163,8.027814e-05,5157,2.491252e-02,5164,1.703562e-04,5163,1787.6732,5134,baja,270.58,5112,baja
el_palomar,2019,1.515547e-05,1.19,5163,7.661373e-05,5157,2.564921e-02,5164,1.688495e-04,5163,,5134,baja,270.69,5112,baja
alta_gracia,2019,1.477481e-05,1.1601,5163,1.048861e-04,5157,2.537452e-02,5164,1.802725e-04,5163,,5134,baja,270.64,5112,baja
santa_rita,2019,1.525580e-05,1.1978,5163,8.689578e-05,5157,2.532032e-02,5164,1.706606e-04,5163,,5134,baja,270.64,5112,baja
san_martin,2019,1.576528e-05,1.2378,5163,1.045904e-04,5157,2.538038e-02,5164,1.771897e-04,5163,,5134,baja,270.51,5112,baja
villa_sarita,2019,1.637224e-05,1.2855,5163,1.083352e-04,5157,2.605493e-02,5164,1.641746e-04,5163,,5134,baja,270.54,5112,baja
el_brete,2019,1.579256e-05,1.24,5163,1.085606e-04,5157,2.576765e-02,5164,1.670375e-04,5163,,5134,baja,270.53,5112,baja
luis_piedrabuena,2019,1.414224e-05,1.1104,5163,7.412408e-05,5157,2.514499e-02,5164,1.777350e-04,5163,,5134,baja,270.62,5112,baja
san_lucas,2019,1.324379e-05,1.0399,5163,8.616829e-05,5157,2.469017e-02,5164,1.776856e-04,5163,1785.1803,5134,baja,270.62,5112,baja
monsenor_kemerer,2019,1.589895e-05,1.2483,5163,1.246391e-04,5157,2.557134e-02,5164,1.625277e-04,5163,,5134,baja,270.6,5112,baja
rocamora,2019,1.561401e-05,1.226,5163,9.348565e-05,5157,2.532895e-02,5164,1.775233e-04,5163,,5134,baja,270.58,5112,baja
yacyreta,2019,1.607616e-05,1.2623,5163,1.052370e-04,5157,2.546171e-02,5164,1.727882e-04,5163,,5134,baja,270.53,5112,baja
villa_urquiza,2019,1.466210e-05,1.1512,5163,8.378710e-05,5157,2.572323e-02,5164,1.718673e-04,5163,,5134,baja,270.66,5112,baja
complejo_habitacional_virgen_de_fatima,2019,1.283715e-05,1.0079,5163,1.138029e-04,5157,2.499676e-02,5164,1.791811e-04,5163,1796.7646,5134,baja,270.46,5112,baja
a4_nueva_esperanza,2019,1.279064e-05,1.0043,5163,1.200522e-04,5157,2.494890e-02,5164,1.836018e-04,5163,1797.0589,5134,baja,270.52,5112,baja
el_laurel,2019,1.581256e-05,1.2416,5163,1.164068e-04,5157,2.563491e-02,5164,1.594082e-04,5163,,5134,baja,270.55,5112,baja
cima_del_sol,2019,1.256716e-05,0.9867,5163,1.114772e-04,5157,2.499951e-02,5164,1.775771e-04,5163,1796.1015,5134,baja,270.52,5112,baja
san_isidro,2019,1.174150e-05,0.9219,5163,8.179401e-05,5157,2.517884e-02,5164,1.618650e-04,5163,1793.6782,5134,baja,270.35,5112,baja
lomas_de_garupa,2019,1.250301e-05,0.9817,5163,8.104385e-05,5157,2.479886e-02,5164,1.624800e-04,5163,1795.6248,5134,baja,270.4,5112,baja
santa_helena,2019,1.149069e-05,0.9022,5163,1.056867e-04,5157,2.525284e-02,5164,1.552465e-04,5163,1793.9793,5134,baja,270.49,5112,baja
fatima,2019,1.282105e-05,1.0067,5163,1.004210e-04,5157,2.498736e-02,5164,1.773970e-04,5163,1797.0606,5134,baja,270.45,5112,baja
don_santiago,2019,1.196214e-05,0.9392,5163,8.275853e-05,5157,2.512738e-02,5164,1.603949e-04,5163,1793.7109,5134,baja,270.45,5112,baja
nu_pora,2019,1.272622e-05,0.9992,5163,7.847659e-05,5157,2.492468e-02,5164,1.699781e-04,5163,1796.8633,5134,baja,270.42,5112,baja
miguel_lanus,2019,1.304796e-05,1.0245,5163,1.246415e-04,5157,2.498356e-02,5164,1.839853e-04,5163,1796.9403,5134,baja,270.52,5112,baja
norte,2019,1.197483e-05,0.9402,5163,9.743941e-05,5157,2.480694e-02,5164,1.660431e-04,5163,1795.5389,5134,baja,270.39,5112,baja
centro,2019,1.592423e-05,1.2503,5163,9.865313e-05,5157,2.576687e-02,5164,1.705908e-04,5163,,5134,baja,270.56,5112,baja
complejo_gervasio_artigas,2019,1.226506e-05,0.963,5163,7.524365e-05,5157,2.510335e-02,5164,1.534799e-04,5163,1792.3317,5134,baja,270.33,5112,baja
federal,2019,1.244111e-05,0.9768,5163,7.750770e-05,5157,2.503827e-02,5164,1.374608e-04,5163,1791.0864,5134,baja,270.31,5112,baja
nemesio_parma,2019,1.327965e-05,1.0427,5163,1.084287e-04,5157,2.573145e-02,5164,1.523020e-04,5163,1831.8548,5134,baja,270.77,5112,baja
villa_cabello,2019,1.540775e-05,1.2098,5163,1.130682e-04,5157,2.571067e-02,5164,1.682042e-04,5163,,5134,baja,270.66,5112,baja
itaembe_pora,2019,1.205881e-05,0.9468,5163,2.102911e-05,5157,2.557423e-02,5164,1.625941e-04,5163,1823.3488,5134,baja,270.32,5112,baja
itaembe_mini,2019,1.342738e-05,1.0543,5163,2.959743e-05,5157,2.572373e-02,5164,1.669222e-04,5163,1824.1401,5134,baja,270.47,5112,baja
aguas_corrientes,2019,1.570485e-05,1.2331,5163,9.645742e-05,5157,2.532980e-02,5164,1.763028e-04,5163,,5134,baja,270.56,5112,baja
chacra_32,2019,1.437396e-05,1.1286,5163,9.947128e-05,5157,2.535288e-02,5164,1.796947e-04,5163,1808.2979,5134,baja,270.63,5112,baja
bajada_vieja,2019,1.635391e-05,1.2841,5163,1.042121e-04,5157,2.602762e-02,5164,1.644897e-04,5163,,5134,baja,270.51,5112,baja
villa_bonita,2019,1.234120e-05,0.969,5163,8.999256e-05,5157,2.509244e-02,5164,1.659551e-04,5163,1796.5186,5134,baja,270.39,5112,baja
itaembe_guazu,2019,1.338166e-05,1.0507,5163,3.886063e-05,5157,2.610548e-02,5164,1.572228e-04,5163,1828.7173,5134,baja,270.49,5112,baja
posadas_completa,2019,1.386489e-05,1.0886,5163,8.610599e-05,5157,2.550460e-02,5164,1.686898e-04,5163,1810.8838,5134,baja,270.54,5112,baja
a_3_2_sector_b,2020,1.218949e-05,1.0569,5178,1.143500e-04,5176,2.778918e-02,5183,1.676126e-04,5181,,4867,baja,271.33,5185,baja
colonia_laosiana,2020,1.240258e-05,1.0754,5178,1.060703e-04,5176,2.876200e-02,5183,1.344597e-04,5181,1804.501,4867,baja,270.98,5185,baja
san_jorge,2020,1.216349e-05,1.0547,5178,1.280139e-04,5176,2.794663e-02,5183,1.580496e-04,5181,1819.0165,4867,baja,271.36,5185,baja
23_de_septiembre,2020,1.307115e-05,1.1334,5178,9.296222e-05,5176,2.830280e-02,5183,1.790427e-04,5181,,4867,baja,271.37,5185,baja
villa_mola,2020,1.245648e-05,1.0801,5178,8.863460e-05,5176,2.865305e-02,5183,1.742922e-04,5181,,4867,baja,271.42,5185,baja
san_marcos,2020,1.172954e-05,1.0171,5178,1.305286e-04,5176,2.828205e-02,5183,1.455725e-04,5181,1807.3289,4867,baja,271.31,5185,baja
las_dolores,2020,1.176990e-05,1.0206,5178,1.023712e-04,5176,2.819351e-02,5183,1.409780e-04,5181,1805.4907,4867,baja,271.26,5185,baja
el_palomar,2020,1.257716e-05,1.0906,5178,1.109785e-04,5176,2.841118e-02,5183,1.800158e-04,5181,,4867,baja,271.41,5185,baja
alta_gracia,2020,1.275476e-05,1.106,5178,1.161607e-04,5176,2.818339e-02,5183,1.569299e-04,5181,1819.8916,4867,baja,271.36,5185,baja
santa_rita,2020,1.333998e-05,1.1567,5178,8.335088e-05,5176,2.896740e-02,5183,1.627226e-04,5181,1792.4114,4867,baja,271.33,5185,baja
san_martin,2020,1.348646e-05,1.1694,5178,9.372465e-05,5176,2.880302e-02,5183,1.816189e-04,5181,1792.2129,4867,baja,271.34,5185,baja
villa_sarita,2020,1.345485e-05,1.1667,5178,8.588480e-05,5176,2.906367e-02,5183,1.800955e-04,5181,,4867,baja,271.4,5185,baja
el_brete,2020,1.386594e-05,1.2023,5178,8.937981e-05,5176,2.871491e-02,5183,1.982480e-04,5181,,4867,baja,271.28,5185,baja
luis_piedrabuena,2020,1.232417e-05,1.0686,5178,1.170090e-04,5176,2.843986e-02,5183,1.435678e-04,5181,1802.5466,4867,baja,271.39,5185,baja
san_lucas,2020,1.176917e-05,1.0205,5178,1.198642e-04,5176,2.825191e-02,5183,1.441789e-04,5181,1805.9427,4867,baja,271.32,5185,baja
monsenor_kemerer,2020,1.360973e-05,1.1801,5178,6.411105e-05,5176,2.921733e-02,5183,1.908134e-04,5181,1792.2129,4867,baja,271.24,5185,baja
rocamora,2020,1.327862e-05,1.1514,5178,9.291035e-05,5176,2.857510e-02,5183,1.815351e-04,5181,,4867,baja,271.35,5185,baja
yacyreta,2020,1.355360e-05,1.1752,5178,8.498487e-05,5176,2.909370e-02,5183,1.793497e-04,5181,1792.2129,4867,baja,271.3,5185,baja
villa_urquiza,2020,1.249633e-05,1.0836,5178,1.161741e-04,5176,2.813630e-02,5183,1.774206e-04,5181,,4867,baja,271.43,5185,baja
complejo_habitacional_virgen_de_fatima,2020,1.174712e-05,1.0186,5178,1.225117e-04,5176,2.778687e-02,5183,1.604538e-04,5181,1759.7812,4867,baja,271.29,5185,baja
a4_nueva_esperanza,2020,1.104094e-05,0.9574,5178,9.370807e-05,5176,2.792653e-02,5183,1.484738e-04,5181,1808.9488,4867,baja,271.22,5185,baja
el_laurel,2020,1.389838e-05,1.2051,5178,9.146439e-05,5176,2.870927e-02,5183,1.921313e-04,5181,,4867,baja,271.29,5185,baja
cima_del_sol,2020,1.101847e-05,0.9554,5178,8.941193e-05,5176,2.806796e-02,5183,1.454708e-04,5181,1805.0819,4867,baja,271.2,5185,baja
san_isidro,2020,1.104250e-05,0.9575,5178,9.294875e-05,5176,2.757270e-02,5183,1.246358e-04,5181,1810.4801,4867,baja,271.03,5185,baja
lomas_de_garupa,2020,1.099159e-05,0.9531,5178,8.747604e-05,5176,2.757043e-02,5183,1.618484e-04,5181,,4867,baja,271.52,5185,baja
santa_helena,2020,1.025998e-05,0.8896,5178,1.022628e-04,5176,2.810822e-02,5183,1.395037e-04,5181,1803.9806,4867,baja,271.31,5185,baja
fatima,2020,1.160418e-05,1.0062,5178,1.210738e-04,5176,2.776361e-02,5183,1.590282e-04,5181,,4867,baja,271.33,5185,baja
don_santiago,2020,1.014627e-05,0.8798,5178,8.294715e-05,5176,2.782433e-02,5183,1.527897e-04,5181,1809.7831,4867,baja,271.54,5185,baja
nu_pora,2020,1.125709e-05,0.9761,5178,9.989532e-05,5176,2.768844e-02,5183,1.615561e-04,5181,,4867,baja,271.47,5185,baja
miguel_lanus,2020,1.201150e-05,1.0415,5178,1.143531e-04,5176,2.775310e-02,5183,1.652680e-04,5181,1759.7812,4867,baja,271.3,5185,baja
norte,2020,1.026321e-05,0.8899,5178,6.612383e-05,5176,2.783780e-02,5183,1.550140e-04,5181,1797.9247,4867,baja,271.51,5185,baja
centro,2020,1.292437e-05,1.1207,5178,9.315942e-05,5176,2.890302e-02,5183,1.797409e-04,5181,,4867,baja,271.36,5185,baja
complejo_gervasio_artigas,2020,1.077831e-05,0.9346,5178,8.150917e-05,5176,2.797016e-02,5183,1.495355e-04,5181,1797.8868,4867,baja,271.54,5185,baja
federal,2020,1.119454e-05,0.9707,5178,9.642038e-05,5176,2.829067e-02,5183,1.467537e-04,5181,1801.2922,4867,baja,271.41,5185,baja
nemesio_parma,2020,1.279948e-05,1.1098,5178,1.006014e-04,5176,2.848728e-02,5183,1.600512e-04,5181,,4867,baja,271.26,5185,baja
villa_cabello,2020,1.353560e-05,1.1737,5178,8.183861e-05,5176,2.921950e-02,5183,1.831560e-04,5181,1792.2129,4867,baja,271.17,5185,baja
itaembe_pora,2020,1.242866e-05,1.0777,5178,9.959522e-05,5176,2.816000e-02,5183,1.223648e-04,5181,1811.9558,4867,baja,271.17,5185,baja
itaembe_mini,2020,1.255202e-05,1.0884,5178,1.162727e-04,5176,2.854839e-02,5183,1.298956e-04,5181,1801.0387,4867,baja,271.28,5185,baja
aguas_corrientes,2020,1.325069e-05,1.149,5178,9.015302e-05,5176,2.869760e-02,5183,1.855497e-04,5181,,4867,baja,271.34,5185,baja
chacra_32,2020,1.260001e-05,1.0925,5178,1.199423e-04,5176,2.795280e-02,5183,1.649556e-04,5181,1820.8828,4867,baja,271.39,5185,baja
bajada_vieja,2020,1.326558e-05,1.1503,5178,7.883305e-05,5176,2.891248e-02,5183,1.774972e-04,5181,,4867,baja,271.45,5185,baja
villa_bonita,2020,1.105761e-05,0.9588,5178,8.956415e-05,5176,2.748687e-02,5183,1.523907e-04,5181,1809.231,4867,baja,271.44,5185,baja
itaembe_guazu,2020,1.231982e-05,1.0682,5178,1.089443e-04,5176,2.889535e-02,5183,1.418339e-04,5181,1811.178,4867,baja,270.92,5185,baja
posadas_completa,2020,1.249158e-05,1.0831,5178,1.011354e-04,5176,2.840929e-02,5183,1.545637e-04,5181,1802.5227,4867,baja,271.21,5185,baja
a_3_2_sector_b,2021,1.398699e-05,1.0769,5168,1.633750e-04,5166,2.393731e-02,5171,1.363717e-04,5035,1823.7067,5044,baja,278.12,5170,baja
colonia_laosiana,2021,1.356887e-05,1.0447,5168,3.633276e-05,5166,2.371877e-02,5171,1.225744e-04,5035,1825.2909,5044,baja,278.03,5170,baja
san_jorge,2021,1.411921e-05,1.0871,5168,1.372689e-04,5166,2.420025e-02,5171,1.352450e-04,5035,1785.6274,5044,baja,278.23,5170,baja
23_de_septiembre,2021,1.593484e-05,1.2269,5168,1.180008e-04,5166,2.476108e-02,5171,1.557198e-04,5035,,5044,baja,278.05,5170,baja
villa_mola,2021,1.481374e-05,1.1406,5168,1.201250e-04,5166,2.477179e-02,5171,1.392330e-04,5035,,5044,baja,277.99,5170,baja
san_marcos,2021,1.436922e-05,1.1063,5168,1.303556e-04,5166,2.411269e-02,5171,1.257251e-04,5035,1819.8571,5044,baja,278.22,5170,baja
las_dolores,2021,1.358482e-05,1.0459,5168,1.098441e-04,5166,2.414916e-02,5171,1.209042e-04,5035,1828.8194,5044,baja,278.14,5170,baja
el_palomar,2021,1.539333e-05,1.1852,5168,1.155110e-04,5166,2.473672e-02,5171,1.548347e-04,5035,,5044,baja,278.07,5170,baja
alta_gracia,2021,1.547063e-05,1.1911,5168,8.158723e-05,5166,2.454411e-02,5171,1.376151e-04,5035,1835.652,5044,baja,278.22,5170,baja
santa_rita,2021,1.724748e-05,1.3279,5168,6.054173e-05,5166,2.495247e-02,5171,1.211007e-04,5035,1832.4789,5044,baja,277.95,5170,baja
san_martin,2021,1.721655e-05,1.3256,5168,1.023213e-04,5166,2.498923e-02,5171,1.435634e-04,5035,,5044,baja,278.07,5170,baja
villa_sarita,2021,1.653817e-05,1.2733,5168,9.494741e-05,5166,2.478928e-02,5171,1.405558e-04,5035,,5044,baja,278.15,5170,baja
el_brete,2021,1.783766e-05,1.3734,5168,1.204390e-04,5166,2.510234e-02,5171,1.329496e-04,5035,,5044,baja,278.17,5170,baja
luis_piedrabuena,2021,1.496440e-05,1.1522,5168,1.000233e-04,5166,2.434412e-02,5171,1.246192e-04,5035,1831.9036,5044,baja,278.17,5170,baja
san_lucas,2021,1.408273e-05,1.0843,5168,1.238074e-04,5166,2.419698e-02,5171,1.230482e-04,5035,1825.3332,5044,baja,278.18,5170,baja
monsenor_kemerer,2021,1.822776e-05,1.4034,5168,9.718348e-05,5166,2.525532e-02,5171,1.307717e-04,5035,,5044,baja,278.0,5170,baja
rocamora,2021,1.654085e-05,1.2735,5168,1.091581e-04,5166,2.487469e-02,5171,1.498172e-04,5035,,5044,baja,278.06,5170,baja
yacyreta,2021,1.773014e-05,1.3651,5168,8.882728e-05,5166,2.507818e-02,5171,1.356303e-04,5035,1831.2465,5044,baja,278.04,5170,baja
villa_urquiza,2021,1.492358e-05,1.149,5168,1.274903e-04,5166,2.460901e-02,5171,1.507517e-04,5035,,5044,baja,278.11,5170,baja
complejo_habitacional_virgen_de_fatima,2021,1.379075e-05,1.0618,5168,1.519808e-04,5166,2.400898e-02,5171,1.419787e-04,5035,1819.0644,5044,baja,278.11,5170,baja
a4_nueva_esperanza,2021,1.376797e-05,1.06,5168,1.418180e-04,5166,2.426698e-02,5171,1.327341e-04,5035,1821.4832,5044,baja,278.18,5170,baja
el_laurel,2021,1.816269e-05,1.3984,5168,1.097877e-04,5166,2.527411e-02,5171,1.372507e-04,5035,,5044,baja,278.15,5170,baja
cima_del_sol,2021,1.356010e-05,1.044,5168,1.301684e-04,5166,2.424441e-02,5171,1.286836e-04,5035,1824.2296,5044,baja,278.18,5170,baja
san_isidro,2021,1.225257e-05,0.9434,5168,9.017287e-05,5166,2.414219e-02,5171,1.214012e-04,5035,1822.6754,5044,baja,278.19,5170,baja
lomas_de_garupa,2021,1.335366e-05,1.0281,5168,1.571981e-04,5166,2.428446e-02,5171,1.354810e-04,5035,1818.2586,5044,baja,278.25,5170,baja
santa_helena,2021,1.222017e-05,0.9409,5168,6.992431e-05,5166,2.481856e-02,5171,1.185935e-04,5035,1818.4769,5044,baja,278.06,5170,baja
fatima,2021,1.380110e-05,1.0626,5168,1.488551e-04,5166,2.402854e-02,5171,1.422627e-04,5035,1820.0874,5044,baja,278.08,5170,baja
don_santiago,2021,1.229073e-05,0.9463,5168,1.149507e-04,5166,2.456517e-02,5171,1.208013e-04,5035,1824.8199,5044,baja,278.21,5170,baja
nu_pora,2021,1.362263e-05,1.0488,5168,1.524772e-04,5166,2.414288e-02,5171,1.396754e-04,5035,1816.0915,5044,baja,278.13,5170,baja
miguel_lanus,2021,1.381662e-05,1.0638,5168,1.577822e-04,5166,2.394449e-02,5171,1.387689e-04,5035,1813.0077,5044,baja,278.13,5170,baja
norte,2021,1.166365e-05,0.898,5168,1.186649e-04,5166,2.458524e-02,5171,1.244028e-04,5035,1827.5564,5044,baja,278.4,5170,baja
centro,2021,1.594386e-05,1.2276,5168,1.045124e-04,5166,2.476529e-02,5171,1.453456e-04,5035,,5044,baja,278.09,5170,baja
complejo_gervasio_artigas,2021,1.106651e-05,0.852,5168,1.221128e-04,5166,2.465521e-02,5171,1.270448e-04,5035,1823.811,5044,baja,278.11,5170,baja
federal,2021,1.101866e-05,0.8484,5168,1.132213e-04,5166,2.465029e-02,5171,1.239937e-04,5035,1820.3591,5044,baja,278.01,5170,baja
nemesio_parma,2021,1.217792e-05,0.9376,5168,9.788309e-05,5166,2.504053e-02,5171,1.255009e-04,5035,,5044,baja,278.03,5170,baja
villa_cabello,2021,1.781802e-05,1.3719,5168,9.214086e-05,5166,2.524923e-02,5171,1.248551e-04,5035,1831.2465,5044,baja,277.9,5170,baja
itaembe_pora,2021,1.313747e-05,1.0115,5168,7.532656e-05,5166,2.379458e-02,5171,1.215858e-04,5035,1825.6451,5044,baja,278.06,5170,baja
itaembe_mini,2021,1.469360e-05,1.1313,5168,6.341582e-05,5166,2.376669e-02,5171,1.177170e-04,5035,1827.98,5044,baja,278.04,5170,baja
aguas_corrientes,2021,1.659902e-05,1.278,5168,1.093385e-04,5166,2.487679e-02,5171,1.495359e-04,5035,,5044,baja,278.07,5170,baja
chacra_32,2021,1.471662e-05,1.1331,5168,1.148837e-04,5166,2.444421e-02,5171,1.438878e-04,5035,1833.8126,5044,baja,278.22,5170,baja
bajada_vieja,2021,1.589623e-05,1.2239,5168,9.706529e-05,5166,2.478536e-02,5171,1.364763e-04,5035,,5044,baja,278.11,5170,baja
villa_bonita,2021,1.277544e-05,0.9836,5168,1.243609e-04,5166,2.427662e-02,5171,1.356066e-04,5035,1815.8756,5044,baja,278.06,5170,baja
itaembe_guazu,2021,1.319500e-05,1.0159,5168,3.978077e-05,5166,2.425584e-02,5171,1.226361e-04,5035,1824.0517,5044,baja,277.99,5170,baja
posadas_completa,2021,1.456098e-05,1.1211,5168,9.198533e-05,5166,2.445579e-02,5171,1.280263e-04,5035,1822.8735,5044,baja,278.06,5170,baja
a_3_2_sector_b,2022,1.287924e-05,0.9999,5152,4.325959e-05,5160,2.445860e-02,5156,1.422054e-04,5134,1822.2706,4667,baja,275.9,5168,baja
colonia_laosiana,2022,1.287286e-05,0.9994,5152,3.964784e-05,5160,2.419943e-02,5156,1.140263e-04,5134,1835.76,4667,baja,275.75,5168,baja
san_jorge,2022,1.346622e-05,1.0455,5152,9.077079e-05,5160,2.400304e-02,5156,1.275079e-04,5134,1817.0349,4667,baja,275.92,5168,baja
23_de_septiembre,2022,1.601018e-05,1.243,5152,1.297684e-04,5160,2.433014e-02,5156,1.439816e-04,5134,,4667,baja,275.91,5168,baja
villa_mola,2022,1.541427e-05,1.1967,5152,1.164142e-04,5160,2.419398e-02,5156,1.465546e-04,5134,,4667,baja,275.83,5168,baja
san_marcos,2022,1.303183e-05,1.0117,5152,7.262436e-05,5160,2.359042e-02,5156,1.234120e-04,5134,1827.4379,4667,baja,275.91,5168,baja
las_dolores,2022,1.316446e-05,1.022,5152,6.764224e-05,5160,2.357709e-02,5156,1.121484e-04,5134,1838.8892,4667,baja,275.81,5168,baja
el_palomar,2022,1.521593e-05,1.1813,5152,1.309955e-04,5160,2.422900e-02,5156,1.445789e-04,5134,,4667,baja,275.89,5168,baja
alta_gracia,2022,1.531276e-05,1.1888,5152,1.407704e-04,5160,2.388321e-02,5156,1.335885e-04,5134,1844.265,4667,baja,276.02,5168,baja
santa_rita,2022,1.622267e-05,1.2595,5152,8.305095e-05,5160,2.413614e-02,5156,1.253529e-04,5134,1840.325,4667,baja,275.97,5168,baja
san_martin,2022,1.707011e-05,1.3252,5152,1.237858e-04,5160,2.415390e-02,5156,1.409827e-04,5134,1848.7932,4667,baja,276.08,5168,baja
villa_sarita,2022,1.637463e-05,1.2713,5152,8.999372e-05,5160,2.430217e-02,5156,1.416655e-04,5134,,4667,baja,275.92,5168,baja
el_brete,2022,1.720549e-05,1.3358,5152,1.066490e-04,5160,2.434853e-02,5156,1.411518e-04,5134,,4667,baja,276.13,5168,baja
luis_piedrabuena,2022,1.464121e-05,1.1367,5152,1.263894e-04,5160,2.376701e-02,5156,1.226024e-04,5134,1843.4694,4667,baja,275.9,5168,baja
san_lucas,2022,1.321076e-05,1.0256,5152,7.423672e-05,5160,2.357875e-02,5156,1.153789e-04,5134,1833.4503,4667,baja,275.88,5168,baja
monsenor_kemerer,2022,1.668263e-05,1.2952,5152,6.545355e-05,5160,2.409586e-02,5156,1.431614e-04,5134,1846.7986,4667,baja,276.02,5168,baja
rocamora,2022,1.659888e-05,1.2887,5152,1.239571e-04,5160,2.423152e-02,5156,1.424758e-04,5134,,4667,baja,275.99,5168,baja
yacyreta,2022,1.671768e-05,1.2979,5152,1.097635e-04,5160,2.405029e-02,5156,1.407311e-04,5134,1848.0778,4667,baja,276.12,5168,baja
villa_urquiza,2022,1.452938e-05,1.128,5152,1.405320e-04,5160,2.433528e-02,5156,1.475399e-04,5134,,4667,baja,275.86,5168,baja
complejo_habitacional_virgen_de_fatima,2022,1.387479e-05,1.0772,5152,3.095330e-05,5160,2.440113e-02,5156,1.256582e-04,5134,1823.9813,4667,baja,276.05,5168,baja
a4_nueva_esperanza,2022,1.236920e-05,0.9603,5152,3.593193e-05,5160,2.387831e-02,5156,1.240830e-04,5134,1831.7489,4667,baja,275.88,5168,baja
el_laurel,2022,1.688748e-05,1.3111,5152,9.844251e-05,5160,2.394083e-02,5156,1.494536e-04,5134,,4667,baja,276.12,5168,baja
cima_del_sol,2022,1.237738e-05,0.9609,5152,4.383242e-05,5160,2.370213e-02,5156,1.207221e-04,5134,1836.9701,4667,baja,275.86,5168,baja
san_isidro,2022,1.198241e-05,0.9303,5152,4.834728e-05,5160,2.369933e-02,5156,1.172815e-04,5134,1830.1739,4667,baja,275.7,5168,baja
lomas_de_garupa,2022,1.328716e-05,1.0316,5152,4.461701e-05,5160,2.442916e-02,5156,1.298996e-04,5134,1812.0696,4667,baja,276.09,5168,baja
santa_helena,2022,1.268715e-05,0.985,5152,7.658477e-05,5160,2.413582e-02,5156,1.224321e-04,5134,1820.7284,4667,baja,276.0,5168,baja
fatima,2022,1.401112e-05,1.0878,5152,3.051298e-05,5160,2.442474e-02,5156,1.227488e-04,5134,1819.8935,4667,baja,276.06,5168,baja
don_santiago,2022,1.276961e-05,0.9914,5152,7.445988e-05,5160,2.431852e-02,5156,1.272683e-04,5134,1815.2226,4667,baja,276.08,5168,baja
nu_pora,2022,1.381347e-05,1.0724,5152,3.433486e-05,5160,2.448656e-02,5156,1.266831e-04,5134,1813.7705,4667,baja,276.07,5168,baja
miguel_lanus,2022,1.333704e-05,1.0354,5152,3.070773e-05,5160,2.449308e-02,5156,1.356920e-04,5134,1826.9874,4667,baja,275.98,5168,baja
norte,2022,1.116502e-05,0.8668,5152,6.774849e-05,5160,2.401996e-02,5156,1.376076e-04,5134,1814.2619,4667,baja,276.0,5168,baja
centro,2022,1.618324e-05,1.2564,5152,1.050116e-04,5160,2.425120e-02,5156,1.434605e-04,5134,,4667,baja,275.9,5168,baja
complejo_gervasio_artigas,2022,1.172674e-05,0.9104,5152,8.233380e-05,5160,2.390534e-02,5156,1.310447e-04,5134,1815.8197,4667,baja,275.99,5168,baja
federal,2022,1.159248e-05,0.9,5152,9.670867e-05,5160,2.381990e-02,5156,1.233519e-04,5134,1819.1847,4667,baja,275.97,5168,baja
nemesio_parma,2022,1.323524e-05,1.0275,5152,1.112972e-04,5160,2.405559e-02,5156,1.354779e-04,5134,1838.4924,4667,baja,275.7,5168,baja
villa_cabello,2022,1.636495e-05,1.2705,5152,4.858646e-05,5160,2.402121e-02,5156,1.332276e-04,5134,1849.023,4667,baja,275.89,5168,baja
itaembe_pora,2022,1.285791e-05,0.9982,5152,6.411573e-05,5160,2.379354e-02,5156,1.104615e-04,5134,1834.0703,4667,baja,275.77,5168,baja
itaembe_mini,2022,1.397007e-05,1.0846,5152,8.006837e-05,5160,2.398148e-02,5156,1.180568e-04,5134,1838.5917,4667,baja,275.79,5168,baja
aguas_corrientes,2022,1.667229e-05,1.2944,5152,1.165330e-04,5160,2.427678e-02,5156,1.433409e-04,5134,,4667,baja,275.98,5168,baja
chacra_32,2022,1.459312e-05,1.1329,5152,1.415302e-04,5160,2.417067e-02,5156,1.373361e-04,5134,1817.035,4667,baja,275.87,5168,baja
bajada_vieja,2022,1.599433e-05,1.2417,5152,9.219630e-05,5160,2.428373e-02,5156,1.401703e-04,5134,,4667,baja,275.9,5168,baja
villa_bonita,2022,1.337495e-05,1.0384,5152,5.611670e-05,5160,2.434907e-02,5156,1.276496e-04,5134,1815.1446,4667,baja,276.04,5168,baja
itaembe_guazu,2022,1.295973e-05,1.0061,5152,3.904703e-05,5160,2.438605e-02,5156,1.151258e-04,5134,1832.8893,4667,baja,275.62,5168,baja
posadas_completa,2022,1.411906e-05,1.0961,5152,7.491066e-05,5160,2.405882e-02,5156,1.267340e-04,5134,1834.167,4667,baja,275.83,5168,baja
a_3_2_sector_b,2023,1.520234e-05,1.1362,5077,1.222890e-04,5166,2.567458e-02,5162,1.624047e-04,5170,1839.4476,4626,baja,279.59,5163,baja
colonia_laosiana,2023,1.346547e-05,1.0063,5077,7.548330e-05,5166,2.628497e-02,5162,1.434595e-04,5170,1854.7172,4626,baja,279.33,5163,baja
san_jorge,2023,1.547410e-05,1.1565,5077,1.219098e-04,5166,2.574893e-02,5162,1.480770e-04,5170,1844.8978,4626,baja,279.66,5163,baja
23_de_septiembre,2023,1.617383e-05,1.2088,5077,1.466397e-04,5166,2.618055e-02,5162,1.500245e-04,5170,1847.0027,4626,baja,279.66,5163,baja
villa_mola,2023,1.491010e-05,1.1143,5077,1.275343e-04,5166,2.660748e-02,5162,1.675245e-04,5170,1843.0633,4626,baja,279.47,5163,baja
san_marcos,2023,1.511992e-05,1.13,5077,1.073212e-04,5166,2.577240e-02,5162,1.481710e-04,5170,1844.1579,4626,baja,279.58,5163,baja
las_dolores,2023,1.427983e-05,1.0672,5077,1.086142e-04,5166,2.569454e-02,5162,1.507642e-04,5170,1847.7315,4626,baja,279.47,5163,baja
el_palomar,2023,1.583632e-05,1.1835,5077,1.289394e-04,5166,2.629563e-02,5162,1.614298e-04,5170,1844.7862,4626,baja,279.66,5163,baja
alta_gracia,2023,1.645796e-05,1.23,5077,1.376722e-04,5166,2.612685e-02,5162,1.401989e-04,5170,1848.2318,4626,baja,279.62,5163,baja
santa_rita,2023,1.625866e-05,1.2151,5077,1.105032e-04,5166,2.606004e-02,5162,1.273551e-04,5170,1852.1425,4626,baja,279.46,5163,baja
san_martin,2023,1.681283e-05,1.2565,5077,1.336726e-04,5166,2.626650e-02,5162,1.464080e-04,5170,1846.5941,4626,baja,279.59,5163,baja
villa_sarita,2023,1.637335e-05,1.2237,5077,1.301884e-04,5166,2.640026e-02,5162,1.705858e-04,5170,1842.2589,4626,baja,279.46,5163,baja
el_brete,2023,1.664086e-05,1.2437,5077,1.478779e-04,5166,2.623549e-02,5162,1.578954e-04,5170,1842.7273,4626,baja,279.54,5163,baja
luis_piedrabuena,2023,1.597634e-05,1.194,5077,1.210672e-04,5166,2.581551e-02,5162,1.432111e-04,5170,1850.6067,4626,baja,279.59,5163,baja
san_lucas,2023,1.481761e-05,1.1074,5077,1.099394e-04,5166,2.572078e-02,5162,1.478199e-04,5170,1845.8116,4626,baja,279.55,5163,baja
monsenor_kemerer,2023,1.660815e-05,1.2412,5077,1.342946e-04,5166,2.611316e-02,5162,1.453384e-04,5170,1846.3985,4626,baja,279.51,5163,baja
rocamora,2023,1.648492e-05,1.232,5077,1.401243e-04,5166,2.624187e-02,5162,1.484759e-04,5170,1846.6432,4626,baja,279.63,5163,baja
yacyreta,2023,1.692901e-05,1.2652,5077,1.257567e-04,5166,2.611939e-02,5162,1.425411e-04,5170,1847.5607,4626,baja,279.54,5163,baja
villa_urquiza,2023,1.590816e-05,1.1889,5077,1.401678e-04,5166,2.612103e-02,5162,1.612892e-04,5170,1845.0244,4626,baja,279.66,5163,baja
complejo_habitacional_virgen_de_fatima,2023,1.449693e-05,1.0834,5077,1.075168e-04,5166,2.565198e-02,5162,1.620931e-04,5170,1834.5986,4626,baja,279.51,5163,baja
a4_nueva_esperanza,2023,1.392281e-05,1.0405,5077,1.002100e-04,5166,2.551818e-02,5162,1.560188e-04,5170,1841.5618,4626,baja,279.59,5163,baja
el_laurel,2023,1.673613e-05,1.2508,5077,1.519139e-04,5166,2.613636e-02,5162,1.548309e-04,5170,1842.0188,4626,baja,279.53,5163,baja
cima_del_sol,2023,1.371085e-05,1.0247,5077,1.020397e-04,5166,2.558879e-02,5162,1.574368e-04,5170,1843.9629,4626,baja,279.51,5163,baja
san_isidro,2023,1.268117e-05,0.9477,5077,9.561918e-05,5166,2.577453e-02,5162,1.495129e-04,5170,1846.3338,4626,baja,279.37,5163,baja
lomas_de_garupa,2023,1.302754e-05,0.9736,5077,1.104149e-04,5166,2.608181e-02,5162,1.511433e-04,5170,1833.2806,4626,baja,279.47,5163,baja
santa_helena,2023,1.387967e-05,1.0373,5077,1.097698e-04,5166,2.563642e-02,5162,1.310015e-04,5170,1843.1228,4626,baja,279.36,5163,baja
fatima,2023,1.436934e-05,1.0739,5077,9.761372e-05,5166,2.575165e-02,5162,1.607901e-04,5170,1834.3999,4626,baja,279.48,5163,baja
don_santiago,2023,1.319627e-05,0.9862,5077,1.199962e-04,5166,2.581316e-02,5162,1.387456e-04,5170,1840.2955,4626,baja,279.42,5163,baja
nu_pora,2023,1.367670e-05,1.0221,5077,9.790804e-05,5166,2.593895e-02,5162,1.552062e-04,5170,1833.8387,4626,baja,279.47,5163,baja
miguel_lanus,2023,1.485079e-05,1.1099,5077,1.218886e-04,5166,2.557565e-02,5162,1.638673e-04,5170,1836.2331,4626,baja,279.56,5163,baja
norte,2023,1.245315e-05,0.9307,5077,1.003391e-04,5166,2.626825e-02,5162,1.402903e-04,5170,1836.9538,4626,baja,279.5,5163,baja
centro,2023,1.595894e-05,1.1927,5077,1.326660e-04,5166,2.637832e-02,5162,1.649763e-04,5170,1843.5539,4626,baja,279.53,5163,baja
complejo_gervasio_artigas,2023,1.224031e-05,0.9148,5077,1.016105e-04,5166,2.616855e-02,5162,1.240113e-04,5170,1840.328,4626,baja,279.48,5163,baja
federal,2023,1.247863e-05,0.9326,5077,9.611327e-05,5166,2.622174e-02,5162,1.156814e-04,5170,1842.5805,4626,baja,279.41,5163,baja
nemesio_parma,2023,1.372724e-05,1.0259,5077,1.182448e-04,5166,2.635512e-02,5162,1.367080e-04,5170,1838.5629,4626,baja,279.74,5163,baja
villa_cabello,2023,1.590281e-05,1.1885,5077,1.548921e-04,5166,2.607254e-02,5162,1.406995e-04,5170,1848.4091,4626,baja,279.43,5163,baja
itaembe_pora,2023,1.394559e-05,1.0422,5077,1.017314e-04,5166,2.604254e-02,5162,1.487828e-04,5170,1852.4671,4626,baja,279.42,5163,baja
itaembe_mini,2023,1.474830e-05,1.1022,5077,8.801939e-05,5166,2.611262e-02,5162,1.436265e-04,5170,1854.8275,4626,baja,279.4,5163,baja
aguas_corrientes,2023,1.651367e-05,1.2342,5077,1.402342e-04,5166,2.623197e-02,5162,1.523099e-04,5170,1846.0323,4626,baja,279.63,5163,baja
chacra_32,2023,1.615762e-05,1.2075,5077,1.531743e-04,5166,2.605340e-02,5162,1.478143e-04,5170,1847.385,4626,baja,279.65,5163,baja
bajada_vieja,2023,1.574779e-05,1.1769,5077,1.292732e-04,5166,2.645691e-02,5162,1.697100e-04,5170,1842.3235,4626,baja,279.43,5163,baja
villa_bonita,2023,1.360453e-05,1.0167,5077,1.049165e-04,5166,2.584445e-02,5162,1.499119e-04,5170,1837.6189,4626,baja,279.45,5163,baja
itaembe_guazu,2023,1.327337e-05,0.992,5077,9.251459e-05,5166,2.641016e-02,5162,1.327878e-04,5170,1854.8776,4626,baja,279.4,5163,baja
posadas_completa,2023,1.474315e-05,1.1018,5077,1.135769e-04,5166,2.601848e-02,5162,1.450256e-04,5170,1847.2973,4626,baja,279.51,5163,baja
a_3_2_sector_b,2024,1.267337e-05,1.0101,5164,5.542660e-05,5168,2.983801e-02,5169,1.493180e-04,5172,1840.0528,5165,baja,271.81,5173,baja
colonia_laosiana,2024,1.215820e-05,0.969,5164,1.618887e-04,5168,3.135385e-02,5169,1.366578e-04,5172,1857.9214,5165,baja,271.65,5173,baja
san_jorge,2024,1.366517e-05,1.0891,5164,2.710357e-05,5168,2.994191e-02,5169,1.498135e-04,5172,1847.3867,5165,baja,271.68,5173,baja
23_de_septiembre,2024,1.518978e-05,1.2106,5164,5.726636e-05,5168,3.100050e-02,5169,1.634967e-04,5172,1851.1592,5165,baja,271.57,5173,baja
villa_mola,2024,1.488076e-05,1.186,5164,6.070424e-05,5168,3.069466e-02,5169,1.613118e-04,5172,1848.8944,5165,baja,271.64,5173,baja
san_marcos,2024,1.335579e-05,1.0645,5164,4.358201e-05,5168,2.994155e-02,5169,1.500609e-04,5172,1850.624,5165,baja,271.74,5173,baja
las_dolores,2024,1.309351e-05,1.0436,5164,6.084240e-05,5168,3.006234e-02,5169,1.518268e-04,5172,1853.0235,5165,baja,271.68,5173,baja
el_palomar,2024,1.503764e-05,1.1985,5164,4.895672e-05,5168,3.054548e-02,5169,1.595556e-04,5172,1847.8048,5165,baja,271.58,5173,baja
alta_gracia,2024,1.482881e-05,1.1819,5164,2.097960e-04,5168,3.029026e-02,5169,1.586634e-04,5172,1851.3051,5165,baja,271.53,5173,baja
santa_rita,2024,1.502906e-05,1.1978,5164,2.739523e-04,5168,3.029742e-02,5169,1.541601e-04,5172,1857.2417,5165,baja,271.54,5173,baja
san_martin,2024,1.570323e-05,1.2516,5164,1.974258e-04,5168,3.035446e-02,5169,1.622788e-04,5172,1852.9056,5165,baja,271.54,5173,baja
villa_sarita,2024,1.555537e-05,1.2398,5164,7.477068e-05,5168,2.989961e-02,5169,1.586945e-04,5172,1849.905,5165,baja,271.61,5173,baja
el_brete,2024,1.649921e-05,1.315,5164,1.187691e-04,5168,2.939266e-02,5169,1.615203e-04,5172,1849.828,5165,baja,271.66,5173,baja
luis_piedrabuena,2024,1.399322e-05,1.1153,5164,1.410134e-04,5168,3.013637e-02,5169,1.523485e-04,5172,1854.0665,5165,baja,271.57,5173,baja
san_lucas,2024,1.328423e-05,1.0588,5164,5.033785e-05,5168,2.995572e-02,5169,1.505872e-04,5172,1852.0746,5165,baja,271.71,5173,baja
monsenor_kemerer,2024,1.585639e-05,1.2638,5164,2.908853e-04,5168,2.965611e-02,5169,1.571704e-04,5172,1853.0891,5165,baja,271.6,5173,baja
rocamora,2024,1.546961e-05,1.2329,5164,1.159753e-04,5168,3.069677e-02,5169,1.638304e-04,5172,1851.913,5165,baja,271.57,5173,baja
yacyreta,2024,1.571316e-05,1.2524,5164,2.783603e-04,5168,3.021266e-02,5169,1.559214e-04,5172,1854.6368,5165,baja,271.54,5173,baja
villa_urquiza,2024,1.504518e-05,1.1991,5164,4.619803e-05,5168,3.050446e-02,5169,1.611434e-04,5172,1845.9645,5165,baja,271.59,5173,baja
complejo_habitacional_virgen_de_fatima,2024,1.212840e-05,0.9666,5164,4.884097e-05,5168,2.951515e-02,5169,1.557167e-04,5172,1838.4789,5165,baja,271.8,5173,baja
a4_nueva_esperanza,2024,1.256392e-05,1.0014,5164,6.072113e-05,5168,2.987201e-02,5169,1.443335e-04,5172,1846.7112,5165,baja,271.76,5173,baja
el_laurel,2024,1.632515e-05,1.3011,5164,2.502320e-04,5168,2.901908e-02,5169,1.557838e-04,5172,1850.046,5165,baja,271.71,5173,baja
cima_del_sol,2024,1.270665e-05,1.0127,5164,7.371079e-05,5168,2.989710e-02,5169,1.477655e-04,5172,1848.775,5165,baja,271.77,5173,baja
san_isidro,2024,1.188872e-05,0.9475,5164,7.291609e-05,5168,3.038506e-02,5169,1.501607e-04,5172,1850.1181,5165,baja,271.88,5173,baja
lomas_de_garupa,2024,1.147420e-05,0.9145,5164,4.582491e-05,5168,3.029570e-02,5169,1.603978e-04,5172,1836.6083,5165,baja,271.85,5173,baja
santa_helena,2024,1.203706e-05,0.9594,5164,3.128711e-05,5168,3.094087e-02,5169,1.463789e-04,5172,1840.3419,5165,baja,271.7,5173,baja
fatima,2024,1.184332e-05,0.9439,5164,4.936699e-05,5168,2.964420e-02,5169,1.575318e-04,5172,1838.6737,5165,baja,271.79,5173,baja
don_santiago,2024,1.169316e-05,0.932,5164,3.830272e-05,5168,3.080358e-02,5169,1.557299e-04,5172,1839.0282,5165,baja,271.66,5173,baja
nu_pora,2024,1.156033e-05,0.9214,5164,4.822888e-05,5168,3.000353e-02,5169,1.610996e-04,5172,1837.697,5165,baja,271.83,5173,baja
miguel_lanus,2024,1.257872e-05,1.0025,5164,5.284159e-05,5168,2.959271e-02,5169,1.521949e-04,5172,1838.8103,5165,baja,271.82,5173,baja
norte,2024,1.136542e-05,0.9058,5164,4.657254e-05,5168,3.067589e-02,5169,1.566610e-04,5172,1839.0362,5165,baja,271.73,5173,baja
centro,2024,1.522691e-05,1.2136,5164,6.877550e-05,5168,3.045038e-02,5169,1.616767e-04,5172,1849.9198,5165,baja,271.61,5173,baja
complejo_gervasio_artigas,2024,1.164734e-05,0.9283,5164,4.286372e-05,5168,3.126758e-02,5169,1.533127e-04,5172,1839.5186,5165,baja,271.62,5173,baja
federal,2024,1.191294e-05,0.9495,5164,4.937242e-05,5168,3.085072e-02,5169,1.554345e-04,5172,1838.1187,5165,baja,271.62,5173,baja
nemesio_parma,2024,1.343935e-05,1.0711,5164,4.208299e-05,5168,3.124836e-02,5169,1.559741e-04,5172,1841.6893,5165,baja,271.64,5173,baja
villa_cabello,2024,1.570529e-05,1.2517,5164,2.810090e-04,5168,2.984568e-02,5169,1.598759e-04,5172,1852.8401,5165,baja,271.65,5173,baja
itaembe_pora,2024,1.204939e-05,0.9603,5164,7.614438e-05,5168,3.101184e-02,5169,1.441077e-04,5172,1857.2549,5165,baja,271.65,5173,baja
itaembe_mini,2024,1.307027e-05,1.0417,5164,1.603344e-04,5168,3.083212e-02,5169,1.460290e-04,5172,1857.6171,5165,baja,271.64,5173,baja
aguas_corrientes,2024,1.558770e-05,1.2424,5164,9.918376e-05,5168,3.061653e-02,5169,1.645716e-04,5172,1851.6311,5165,baja,271.58,5173,baja
chacra_32,2024,1.466621e-05,1.1689,5164,9.040817e-05,5168,3.036004e-02,5169,1.607509e-04,5172,1848.4864,5165,baja,271.57,5173,baja
bajada_vieja,2024,1.536002e-05,1.2242,5164,7.111980e-05,5168,3.026547e-02,5169,1.605771e-04,5172,1849.3564,5165,baja,271.64,5173,baja
villa_bonita,2024,1.165129e-05,0.9286,5164,5.099696e-05,5168,3.067342e-02,5169,1.495203e-04,5172,1838.8236,5165,baja,271.78,5173,baja
itaembe_guazu,2024,1.257982e-05,1.0026,5164,2.823462e-04,5168,3.130612e-02,5169,1.274690e-04,5172,1856.5329,5165,baja,271.65,5173,baja
posadas_completa,2024,1.363471e-05,1.0867,5164,1.399107e-04,5168,3.047849e-02,5169,1.484394e-04,5172,1851.116,5165,baja,271.66,5173,baja
a_3_2_sector_b,2025,1.382504e-05,1.061,5031,5.120466e-05,5169,2.340496e-02,5167,1.292007e-04,5170,1850.7711,5159,baja,282.59,5042,baja
colonia_laosiana,2025,1.362720e-05,1.0458,5031,2.631567e-05,5169,2.378395e-02,5167,1.205578e-04,5170,1864.3111,5159,baja,282.48,5042,baja
san_jorge,2025,1.313061e-05,1.0077,5031,6.030519e-05,5169,2.356011e-02,5167,1.212154e-04,5170,1855.4562,5159,baja,282.51,5042,baja
23_de_septiembre,2025,1.468702e-05,1.1271,5031,6.233512e-05,5169,2.376732e-02,5167,1.460950e-04,5170,1860.1041,5159,baja,282.29,5042,baja
villa_mola,2025,1.410571e-05,1.0825,5031,5.216476e-05,5169,2.398285e-02,5167,1.433041e-04,5170,1858.2915,5159,baja,282.3,5042,baja
san_marcos,2025,1.321071e-05,1.0138,5031,8.275789e-05,5169,2.358579e-02,5167,1.174353e-04,5170,1857.2281,5159,baja,282.44,5042,baja
las_dolores,2025,1.314077e-05,1.0085,5031,7.894836e-05,5169,2.361812e-02,5167,1.149522e-04,5170,1858.8705,5159,baja,282.45,5042,baja
el_palomar,2025,1.405281e-05,1.0785,5031,5.595411e-05,5169,2.383237e-02,5167,1.418094e-04,5170,1858.4139,5159,baja,282.31,5042,baja
alta_gracia,2025,1.436697e-05,1.1026,5031,5.728197e-05,5169,2.375490e-02,5167,1.259952e-04,5170,1859.3803,5159,baja,282.39,5042,baja
santa_rita,2025,1.541942e-05,1.1833,5031,6.306488e-05,5169,2.392167e-02,5167,1.306453e-04,5170,1862.9527,5159,baja,282.39,5042,baja
san_martin,2025,1.532655e-05,1.1762,5031,5.652693e-05,5169,2.389052e-02,5167,1.406302e-04,5170,1861.8702,5159,baja,282.33,5042,baja
villa_sarita,2025,1.533130e-05,1.1766,5031,4.477666e-05,5169,2.396528e-02,5167,1.401893e-04,5170,1859.1997,5159,baja,282.4,5042,baja
el_brete,2025,1.655514e-05,1.2705,5031,3.963147e-05,5169,2.387611e-02,5167,1.365012e-04,5170,1858.6803,5159,baja,282.55,5042,baja
luis_piedrabuena,2025,1.388837e-05,1.0659,5031,6.362791e-05,5169,2.357505e-02,5167,1.141849e-04,5170,1860.2593,5159,baja,282.41,5042,baja
san_lucas,2025,1.322205e-05,1.0147,5031,8.658399e-05,5169,2.360605e-02,5167,1.172155e-04,5170,1857.9667,5159,baja,282.44,5042,baja
monsenor_kemerer,2025,1.633317e-05,1.2535,5031,3.178859e-05,5169,2.395121e-02,5167,1.366443e-04,5170,1861.6193,5159,baja,282.46,5042,baja
rocamora,2025,1.498121e-05,1.1497,5031,6.019413e-05,5169,2.383669e-02,5167,1.430995e-04,5170,1860.8884,5159,baja,282.31,5042,baja
yacyreta,2025,1.575678e-05,1.2092,5031,4.322949e-05,5169,2.393097e-02,5167,1.372940e-04,5170,1863.1388,5159,baja,282.35,5042,baja
villa_urquiza,2025,1.382432e-05,1.0609,5031,5.266559e-05,5169,2.378399e-02,5167,1.396846e-04,5170,1856.8185,5159,baja,282.37,5042,baja
complejo_habitacional_virgen_de_fatima,2025,1.384375e-05,1.0624,5031,3.165354e-05,5169,2.340798e-02,5167,1.383943e-04,5170,1848.4836,5159,baja,282.68,5042,baja
a4_nueva_esperanza,2025,1.315780e-05,1.0098,5031,6.629313e-05,5169,2.353767e-02,5167,1.109260e-04,5170,1856.5446,5159,baja,282.5,5042,baja
el_laurel,2025,1.676465e-05,1.2866,5031,2.860175e-05,5169,2.388181e-02,5167,1.406519e-04,5170,1857.598,5159,baja,282.56,5042,baja
cima_del_sol,2025,1.293899e-05,0.993,5031,6.778377e-05,5169,2.353755e-02,5167,1.101174e-04,5170,1857.6141,5159,baja,282.45,5042,baja
san_isidro,2025,1.237179e-05,0.9495,5031,5.271743e-05,5169,2.353305e-02,5167,1.147970e-04,5170,1858.407,5159,baja,282.46,5042,baja
lomas_de_garupa,2025,1.306359e-05,1.0026,5031,4.223335e-05,5169,2.330797e-02,5167,1.312252e-04,5170,1845.2067,5159,baja,282.68,5042,baja
santa_helena,2025,1.136013e-05,0.8718,5031,4.554183e-05,5169,2.363152e-02,5167,1.231727e-04,5170,1852.1313,5159,baja,282.48,5042,baja
fatima,2025,1.375575e-05,1.0557,5031,2.643491e-05,5169,2.341399e-02,5167,1.399627e-04,5170,1848.1948,5159,baja,282.68,5042,baja
don_santiago,2025,1.230794e-05,0.9446,5031,4.462493e-05,5169,2.356127e-02,5167,1.160547e-04,5170,1850.2079,5159,baja,282.62,5042,baja
nu_pora,2025,1.344764e-05,1.032,5031,2.810060e-05,5169,2.332724e-02,5167,1.373675e-04,5170,1846.5788,5159,baja,282.68,5042,baja
miguel_lanus,2025,1.399224e-05,1.0738,5031,4.605467e-05,5169,2.339722e-02,5167,1.339750e-04,5170,1849.3406,5159,baja,282.65,5042,baja
norte,2025,1.206072e-05,0.9256,5031,6.458051e-05,5169,2.362968e-02,5167,1.111623e-04,5170,1847.1566,5159,baja,282.55,5042,baja
centro,2025,1.471952e-05,1.1296,5031,4.795089e-05,5169,2.395861e-02,5167,1.391240e-04,5170,1859.4697,5159,baja,282.33,5042,baja
complejo_gervasio_artigas,2025,1.190790e-05,0.9139,5031,7.069009e-05,5169,2.352693e-02,5167,9.844743e-05,5170,1849.7518,5159,baja,282.5,5042,baja
federal,2025,1.206184e-05,0.9257,5031,7.530033e-05,5169,2.342248e-02,5167,9.730094e-05,5170,1849.5495,5159,baja,282.46,5042,baja
nemesio_parma,2025,1.337155e-05,1.0262,5031,1.237131e-04,5169,2.384326e-02,5167,1.313891e-04,5170,1846.1428,5159,baja,282.84,5042,baja
villa_cabello,2025,1.612645e-05,1.2376,5031,4.664057e-05,5169,2.400390e-02,5167,1.367383e-04,5170,1860.6714,5159,baja,282.44,5042,baja
itaembe_pora,2025,1.352084e-05,1.0376,5031,4.630461e-05,5169,2.365515e-02,5167,1.116400e-04,5170,1862.1103,5159,baja,282.53,5042,baja
itaembe_mini,2025,1.415859e-05,1.0866,5031,5.481627e-05,5169,2.364882e-02,5167,1.158309e-04,5170,1863.1603,5159,baja,282.56,5042,baja
aguas_corrientes,2025,1.506272e-05,1.156,5031,5.714231e-05,5169,2.387029e-02,5167,1.410100e-04,5170,1860.8939,5159,baja,282.34,5042,baja
chacra_32,2025,1.375394e-05,1.0555,5031,5.225537e-05,5169,2.370095e-02,5167,1.285452e-04,5170,1857.0507,5159,baja,282.43,5042,baja
bajada_vieja,2025,1.517184e-05,1.1643,5031,5.257955e-05,5169,2.401240e-02,5167,1.442713e-04,5170,1858.6876,5159,baja,282.37,5042,baja
villa_bonita,2025,1.301245e-05,0.9986,5031,2.606773e-05,5169,2.347975e-02,5167,1.278130e-04,5170,1850.8069,5159,baja,282.62,5042,baja
itaembe_guazu,2025,1.384164e-05,1.0623,5031,5.303184e-05,5169,2.407439e-02,5167,1.348924e-04,5170,1864.1641,5159,baja,282.45,5042,baja
posadas_completa,2025,1.396747e-05,1.0719,5031,5.931101e-05,5169,2.379877e-02,5167,1.292081e-04,5170,1858.852,5159,baja,282.48,5042,baja
