poligono_id,fecha,tmin_p10,tmin_p50,tmin_p90,tmax_p10,tmax_p50,tmax_p90,precipitation_mm,weather_code,offset_calor_c,offset_frio_c,offset_origen,generated_at
23_de_septiembre,2026-05-01,19.51,20.8,23.39,30.37,31.77,33.07,2.1,53.0,1.97,0.2,uhi_verano+invierno,2026-05-01T06:15:04
23_de_septiembre,2026-05-02,14.71,17.15,19.5,24.07,25.22,27.46,21.3,63.0,1.97,0.2,uhi_verano+invierno,2026-05-01T06:15:04
23_de_septiembre,2026-05-03,10.6,12.5,14.1,21.38,23.27,25.07,0.0,3.0,1.97,0.2,uhi_verano+invierno,2026-05-01T06:15:04
23_de_septiembre,2026-05-04,14.11,17.05,20.0,25.3,27.32,29.57,0.0,3.0,1.97,0.2,uhi_verano+invierno,2026-05-01T06:15:04
23_de_septiembre,2026-05-05,18.31,20.85,23.2,31.67,32.57,33.56,0.0,3.0,1.97,0.2,uhi_verano+invierno,2026-05-01T06:15:04
23_de_septiembre,2026-05-06,19.3,22.3,25.6,28.18,29.57,33.27,0.0,3.0,1.97,0.2,uhi_verano+invierno,2026-05-01T06:15:04
23_de_septiembre,2026-05-07,16.83,21.5,25.48,27.39,29.17,32.66,2.3,3.0,1.97,0.2,uhi_verano+invierno,2026-05-01T06:15:04
23_de_septiembre,2026-05-08,10.6,14.35,20.4,18.68,24.12,31.33,8.35,,1.97,0.2,uhi_verano+invierno,2026-05-01T06:15:04
23_de_septiembre,2026-05-09,7.74,11.25,16.97,16.43,20.07,26.26,0.55,,1.97,0.2,uhi_verano+invierno,2026-05-01T06:15:04
23_de_septiembre,2026-05-10,5.43,9.35,14.58,15.98,18.87,23.39,0.02,,1.97,0.2,uhi_verano+invierno,2026-05-01T06:15:04
23_de_septiembre,2026-05-11,4.7,7.95,13.85,15.9,19.87,23.72,0.0,,1.97,0.2,uhi_verano+invierno,2026-05-01T06:15:04
23_de_septiembre,2026-05-12,4.81,7.3,14.45,17.99,21.77,25.65,0.0,,1.97,0.2,uhi_verano+invierno,2026-05-01T06:15:04
23_de_septiembre,2026-05-13,5.52,10.3,18.18,19.37,22.92,28.51,0.0,,1.97,0.2,uhi_verano+invierno,2026-05-01T06:15:04
23_de_septiembre,2026-05-14,7.41,11.6,18.57,18.75,23.37,29.36,0.0,,1.97,0.2,uhi_verano+invierno,2026-05-01T06:15:04
a4_nueva_esperanza,2026-05-01,19.94,21.23,23.82,30.83,32.23,33.53,2.1,53.0,2.43,0.63,uhi_verano+invierno,2026-05-01T06:15:04
a4_nueva_esperanza,2026-05-02,15.14,17.58,19.93,24.53,25.68,27.92,21.3,63.0,2.43,0.63,uhi_verano+invierno,2026-05-01T06:15:04
a4_nueva_esperanza,2026-05-03,11.03,12.93,14.53,21.84,23.73,25.53,0.0,3.0,2.43,0.63,uhi_verano+invierno,2026-05-01T06:15:04
a4_nueva_esperanza,2026-05-04,14.54,17.48,20.43,25.76,27.78,30.03,0.0,3.0,2.43,0.63,uhi_verano+invierno,2026-05-01T06:15:04
a4_nueva_esperanza,2026-05-05,18.74,21.28,23.63,32.13,33.03,34.02,0.0,3.0,2.43,0.63,uhi_verano+invierno,2026-05-01T06:15:04
a4_nueva_esperanza,2026-05-06,19.73,22.73,26.03,28.64,30.03,33.73,0.0,3.0,2.43,0.63,uhi_verano+invierno,2026-05-01T06:15:04
a4_nueva_esperanza,2026-05-07,17.26,21.93,25.91,27.85,29.63,33.12,2.3,3.0,2.43,0.63,uhi_verano+invierno,2026-05-01T06:15:04
a4_nueva_esperanza,2026-05-08,11.03,14.78,20.83,19.14,24.58,31.79,8.35,,2.43,0.63,uhi_verano+invierno,2026-05-01T06:15:04
a4_nueva_esperanza,2026-05-09,8.17,11.68,17.4,16.89,20.53,26.72,0.55,,2.43,0.63,uhi_verano+invierno,2026-05-01T06:15:04
a4_nueva_esperanza,2026-05-10,5.86,9.78,15.01,16.44,19.33,23.85,0.02,,2.43,0.63,uhi_verano+invierno,2026-05-01T06:15:04
a4_nueva_esperanza,2026-05-11,5.13,8.38,14.28,16.36,20.33,24.18,0.0,,2.43,0.63,uhi_verano+invierno,2026-05-01T06:15:04
a4_nueva_esperanza,2026-05-12,5.24,7.73,14.88,18.45,22.23,26.11,0.0,,2.43,0.63,uhi_verano+invierno,2026-05-01T06:15:04
a4_nueva_esperanza,2026-05-13,5.95,10.73,18.61,19.83,23.38,28.97,0.0,,2.43,0.63,uhi_verano+invierno,2026-05-01T06:15:04
a4_nueva_esperanza,2026-05-14,7.84,12.03,19.0,19.21,23.83,29.82,0.0,,2.43,0.63,uhi_verano+invierno,2026-05-01T06:15:04
a_3_2_sector_b,2026-05-01,19.67,20.96,23.55,30.01,31.41,32.71,2.1,53.0,1.61,0.36,uhi_verano+invierno,2026-05-01T06:15:04
a_3_2_sector_b,2026-05-02,14.87,17.31,19.66,23.71,24.86,27.1,21.3,63.0,1.61,0.36,uhi_verano+invierno,2026-05-01T06:15:04
a_3_2_sector_b,2026-05-03,10.76,12.66,14.26,21.02,22.91,24.71,0.0,3.0,1.61,0.36,uhi_verano+invierno,2026-05-01T06:15:04
a_3_2_sector_b,2026-05-04,14.27,17.21,20.16,24.94,26.96,29.21,0.0,3.0,1.61,0.36,uhi_verano+invierno,2026-05-01T06:15:04
a_3_2_sector_b,2026-05-05,18.47,21.01,23.36,31.31,32.21,33.2,0.0,3.0,1.61,0.36,uhi_verano+invierno,2026-05-01T06:15:04
a_3_2_sector_b,2026-05-06,19.46,22.46,25.76,27.82,29.21,32.91,0.0,3.0,1.61,0.36,uhi_verano+invierno,2026-05-01T06:15:04
a_3_2_sector_b,2026-05-07,16.99,21.66,25.64,27.03,28.81,32.3,2.3,3.0,1.61,0.36,uhi_verano+invierno,2026-05-01T06:15:04
a_3_2_sector_b,2026-05-08,10.76,14.51,20.56,18.32,23.76,30.97,8.35,,1.61,0.36,uhi_verano+invierno,2026-05-01T06:15:04
a_3_2_sector_b,2026-05-09,7.9,11.41,17.13,16.07,19.71,25.9,0.55,,1.61,0.36,uhi_verano+invierno,2026-05-01T06:15:04
a_3_2_sector_b,2026-05-10,5.59,9.51,14.74,15.62,18.51,23.03,0.02,,1.61,0.36,uhi_verano+invierno,2026-05-01T06:15:04
a_3_2_sector_b,2026-05-11,4.86,8.11,14.01,15.54,19.51,23.36,0.0,,1.61,0.36,uhi_verano+invierno,2026-05-01T06:15:04
a_3_2_sector_b,2026-05-12,4.97,7.46,14.61,17.63,21.41,25.29,0.0,,1.61,0.36,uhi_verano+invierno,2026-05-01T06:15:04
a_3_2_sector_b,2026-05-13,5.68,10.46,18.34,19.01,22.56,28.15,0.0,,1.61,0.36,uhi_verano+invierno,2026-05-01T06:15:04
a_3_2_sector_b,2026-05-14,7.57,11.76,18.73,18.39,23.01,29.0,0.0,,1.61,0.36,uhi_verano+invierno,2026-05-01T06:15:04
aguas_corrientes,2026-05-01,19.47,20.76,23.35,29.96,31.36,32.66,2.1,53.0,1.56,0.16,uhi_verano+invierno,2026-05-01T06:15:04
aguas_corrientes,2026-05-02,14.67,17.11,19.46,23.66,24.81,27.05,21.3,63.0,1.56,0.16,uhi_verano+invierno,2026-05-01T06:15:04
aguas_corrientes,2026-05-03,10.56,12.46,14.06,20.97,22.86,24.66,0.0,3.0,1.56,0.16,uhi_verano+invierno,2026-05-01T06:15:04
aguas_corrientes,2026-05-04,14.07,17.01,19.96,24.89,26.91,29.16,0.0,3.0,1.56,0.16,uhi_verano+invierno,2026-05-01T06:15:04
aguas_corrientes,2026-05-05,18.27,20.81,23.16,31.26,32.16,33.15,0.0,3.0,1.56,0.16,uhi_verano+invierno,2026-05-01T06:15:04
aguas_corrientes,2026-05-06,19.26,22.26,25.56,27.77,29.16,32.86,0.0,3.0,1.56,0.16,uhi_verano+invierno,2026-05-01T06:15:04
aguas_corrientes,2026-05-07,16.79,21.46,25.44,26.98,28.76,32.25,2.3,3.0,1.56,0.16,uhi_verano+invierno,2026-05-01T06:15:04
aguas_corrientes,2026-05-08,10.56,14.31,20.36,18.27,23.71,30.92,8.35,,1.56,0.16,uhi_verano+invierno,2026-05-01T06:15:04
aguas_corrientes,2026-05-09,7.7,11.21,16.93,16.02,19.66,25.85,0.55,,1.56,0.16,uhi_verano+invierno,2026-05-01T06:15:04
aguas_corrientes,2026-05-10,5.39,9.31,14.54,15.57,18.46,22.98,0.02,,1.56,0.16,uhi_verano+invierno,2026-05-01T06:15:04
aguas_corrientes,2026-05-11,4.66,7.91,13.81,15.49,19.46,23.31,0.0,,1.56,0.16,uhi_verano+invierno,2026-05-01T06:15:04
aguas_corrientes,2026-05-12,4.77,7.26,14.41,17.58,21.36,25.24,0.0,,1.56,0.16,uhi_verano+invierno,2026-05-01T06:15:04
aguas_corrientes,2026-05-13,5.48,10.26,18.14,18.96,22.51,28.1,0.0,,1.56,0.16,uhi_verano+invierno,2026-05-01T06:15:04
aguas_corrientes,2026-05-14,7.37,11.56,18.53,18.34,22.96,28.95,0.0,,1.56,0.16,uhi_verano+invierno,2026-05-01T06:15:04
alta_gracia,2026-05-01,19.38,20.67,23.26,29.55,30.95,32.25,2.1,53.0,1.15,0.07,uhi_verano+invierno,2026-05-01T06:15:04
alta_gracia,2026-05-02,14.58,17.02,19.37,23.25,24.4,26.64,21.3,63.0,1.15,0.07,uhi_verano+invierno,2026-05-01T06:15:04
alta_gracia,2026-05-03,10.47,12.37,13.97,20.56,22.45,24.25,0.0,3.0,1.15,0.07,uhi_verano+invierno,2026-05-01T06:15:04
alta_gracia,2026-05-04,13.98,16.92,19.87,24.48,26.5,28.75,0.0,3.0,1.15,0.07,uhi_verano+invierno,2026-05-01T06:15:04
alta_gracia,2026-05-05,18.18,20.72,23.07,30.85,31.75,32.74,0.0,3.0,1.15,0.07,uhi_verano+invierno,2026-05-01T06:15:04
alta_gracia,2026-05-06,19.17,22.17,25.47,27.36,28.75,32.45,0.0,3.0,1.15,0.07,uhi_verano+invierno,2026-05-01T06:15:04
alta_gracia,2026-05-07,16.7,21.37,25.35,26.57,28.35,31.84,2.3,3.0,1.15,0.07,uhi_verano+invierno,2026-05-01T06:15:04
alta_gracia,2026-05-08,10.47,14.22,20.27,17.86,23.3,30.51,8.35,,1.15,0.07,uhi_verano+invierno,2026-05-01T06:15:04
alta_gracia,2026-05-09,7.61,11.12,16.84,15.61,19.25,25.44,0.55,,1.15,0.07,uhi_verano+invierno,2026-05-01T06:15:04
alta_gracia,2026-05-10,5.3,9.22,14.45,15.16,18.05,22.57,0.02,,1.15,0.07,uhi_verano+invierno,2026-05-01T06:15:04
alta_gracia,2026-05-11,4.57,7.82,13.72,15.08,19.05,22.9,0.0,,1.15,0.07,uhi_verano+invierno,2026-05-01T06:15:04
alta_gracia,2026-05-12,4.68,7.17,14.32,17.17,20.95,24.83,0.0,,1.15,0.07,uhi_verano+invierno,2026-05-01T06:15:04
alta_gracia,2026-05-13,5.39,10.17,18.05,18.55,22.1,27.69,0.0,,1.15,0.07,uhi_verano+invierno,2026-05-01T06:15:04
alta_gracia,2026-05-14,7.28,11.47,18.44,17.93,22.55,28.54,0.0,,1.15,0.07,uhi_verano+invierno,2026-05-01T06:15:04
bajada_vieja,2026-05-01,19.31,20.6,23.19,28.4,29.8,31.1,2.1,53.0,0.0,0.0,ninguno,2026-05-01T06:15:04
bajada_vieja,2026-05-02,14.51,16.95,19.3,22.1,23.25,25.49,21.3,63.0,0.0,0.0,ninguno,2026-05-01T06:15:04
bajada_vieja,2026-05-03,10.4,12.3,13.9,19.41,21.3,23.1,0.0,3.0,0.0,0.0,ninguno,2026-05-01T06:15:04
bajada_vieja,2026-05-04,13.91,16.85,19.8,23.33,25.35,27.6,0.0,3.0,0.0,0.0,ninguno,2026-05-01T06:15:04
bajada_vieja,2026-05-05,18.11,20.65,23.0,29.7,30.6,31.59,0.0,3.0,0.0,0.0,ninguno,2026-05-01T06:15:04
bajada_vieja,2026-05-06,19.1,22.1,25.4,26.21,27.6,31.3,0.0,3.0,0.0,0.0,ninguno,2026-05-01T06:15:04
bajada_vieja,2026-05-07,16.63,21.3,25.28,25.42,27.2,30.69,2.3,3.0,0.0,0.0,ninguno,2026-05-01T06:15:04
bajada_vieja,2026-05-08,10.4,14.15,20.2,16.71,22.15,29.36,8.35,,0.0,0.0,ninguno,2026-05-01T06:15:04
bajada_vieja,2026-05-09,7.54,11.05,16.77,14.46,18.1,24.29,0.55,,0.0,0.0,ninguno,2026-05-01T06:15:04
bajada_vieja,2026-05-10,5.23,9.15,14.38,14.01,16.9,21.42,0.02,,0.0,0.0,ninguno,2026-05-01T06:15:04
bajada_vieja,2026-05-11,4.5,7.75,13.65,13.93,17.9,21.75,0.0,,0.0,0.0,ninguno,2026-05-01T06:15:04
bajada_vieja,2026-05-12,4.61,7.1,14.25,16.02,19.8,23.68,0.0,,0.0,0.0,ninguno,2026-05-01T06:15:04
bajada_vieja,2026-05-13,5.32,10.1,17.98,17.4,20.95,26.54,0.0,,0.0,0.0,ninguno,2026-05-01T06:15:04
bajada_vieja,2026-05-14,7.21,11.4,18.37,16.78,21.4,27.39,0.0,,0.0,0.0,ninguno,2026-05-01T06:15:04
centro,2026-05-01,19.42,20.71,23.3,29.93,31.33,32.63,2.1,53.0,1.53,0.11,uhi_verano+invierno,2026-05-01T06:15:04
centro,2026-05-02,14.62,17.06,19.41,23.63,24.78,27.02,21.3,63.0,1.53,0.11,uhi_verano+invierno,2026-05-01T06:15:04
centro,2026-05-03,10.51,12.41,14.01,20.94,22.83,24.63,0.0,3.0,1.53,0.11,uhi_verano+invierno,2026-05-01T06:15:04
centro,2026-05-04,14.02,16.96,19.91,24.86,26.88,29.13,0.0,3.0,1.53,0.11,uhi_verano+invierno,2026-05-01T06:15:04
centro,2026-05-05,18.22,20.76,23.11,31.23,32.13,33.12,0.0,3.0,1.53,0.11,uhi_verano+invierno,2026-05-01T06:15:04
centro,2026-05-06,19.21,22.21,25.51,27.74,29.13,32.83,0.0,3.0,1.53,0.11,uhi_verano+invierno,2026-05-01T06:15:04
centro,2026-05-07,16.74,21.41,25.39,26.95,28.73,32.22,2.3,3.0,1.53,0.11,uhi_verano+invierno,2026-05-01T06:15:04
centro,2026-05-08,10.51,14.26,20.31,18.24,23.68,30.89,8.35,,1.53,0.11,uhi_verano+invierno,2026-05-01T06:15:04
centro,2026-05-09,7.65,11.16,16.88,15.99,19.63,25.82,0.55,,1.53,0.11,uhi_verano+invierno,2026-05-01T06:15:04
centro,2026-05-10,5.34,9.26,14.49,15.54,18.43,22.95,0.02,,1.53,0.11,uhi_verano+invierno,2026-05-01T06:15:04
centro,2026-05-11,4.61,7.86,13.76,15.46,19.43,23.28,0.0,,1.53,0.11,uhi_verano+invierno,2026-05-01T06:15:04
centro,2026-05-12,4.72,7.21,14.36,17.55,21.33,25.21,0.0,,1.53,0.11,uhi_verano+invierno,2026-05-01T06:15:04
centro,2026-05-13,5.43,10.21,18.09,18.93,22.48,28.07,0.0,,1.53,0.11,uhi_verano+invierno,2026-05-01T06:15:04
centro,2026-05-14,7.32,11.51,18.48,18.31,22.93,28.92,0.0,,1.53,0.11,uhi_verano+invierno,2026-05-01T06:15:04
chacra_32,2026-05-01,19.55,20.84,23.43,30.37,31.77,33.07,2.1,53.0,1.97,0.24,uhi_verano+invierno,2026-05-01T06:15:04
chacra_32,2026-05-02,14.75,17.19,19.54,24.07,25.22,27.46,21.3,63.0,1.97,0.24,uhi_verano+invierno,2026-05-01T06:15:04
chacra_32,2026-05-03,10.64,12.54,14.14,21.38,23.27,25.07,0.0,3.0,1.97,0.24,uhi_verano+invierno,2026-05-01T06:15:04
chacra_32,2026-05-04,14.15,17.09,20.04,25.3,27.32,29.57,0.0,3.0,1.97,0.24,uhi_verano+invierno,2026-05-01T06:15:04
chacra_32,2026-05-05,18.35,20.89,23.24,31.67,32.57,33.56,0.0,3.0,1.97,0.24,uhi_verano+invierno,2026-05-01T06:15:04
chacra_32,2026-05-06,19.34,22.34,25.64,28.18,29.57,33.27,0.0,3.0,1.97,0.24,uhi_verano+invierno,2026-05-01T06:15:04
chacra_32,2026-05-07,16.87,21.54,25.52,27.39,29.17,32.66,2.3,3.0,1.97,0.24,uhi_verano+invierno,2026-05-01T06:15:04
chacra_32,2026-05-08,10.64,14.39,20.44,18.68,24.12,31.33,8.35,,1.97,0.24,uhi_verano+invierno,2026-05-01T06:15:04
chacra_32,2026-05-09,7.78,11.29,17.01,16.43,20.07,26.26,0.55,,1.97,0.24,uhi_verano+invierno,2026-05-01T06:15:04
chacra_32,2026-05-10,5.47,9.39,14.62,15.98,18.87,23.39,0.02,,1.97,0.24,uhi_verano+invierno,2026-05-01T06:15:04
chacra_32,2026-05-11,4.74,7.99,13.89,15.9,19.87,23.72,0.0,,1.97,0.24,uhi_verano+invierno,2026-05-01T06:15:04
chacra_32,2026-05-12,4.85,7.34,14.49,17.99,21.77,25.65,0.0,,1.97,0.24,uhi_verano+invierno,2026-05-01T06:15:04
chacra_32,2026-05-13,5.56,10.34,18.22,19.37,22.92,28.51,0.0,,1.97,0.24,uhi_verano+invierno,2026-05-01T06:15:04
chacra_32,2026-05-14,7.45,11.64,18.61,18.75,23.37,29.36,0.0,,1.97,0.24,uhi_verano+invierno,2026-05-01T06:15:04
cima_del_sol,2026-05-01,19.36,20.65,23.24,28.95,30.35,31.65,2.1,53.0,0.55,0.05,uhi_verano+invierno,2026-05-01T06:15:04
cima_del_sol,2026-05-02,14.56,17.0,19.35,22.65,23.8,26.04,21.3,63.0,0.55,0.05,uhi_verano+invierno,2026-05-01T06:15:04
cima_del_sol,2026-05-03,10.45,12.35,13.95,19.96,21.85,23.65,0.0,3.0,0.55,0.05,uhi_verano+invierno,2026-05-01T06:15:04
cima_del_sol,2026-05-04,13.96,16.9,19.85,23.88,25.9,28.15,0.0,3.0,0.55,0.05,uhi_verano+invierno,2026-05-01T06:15:04
cima_del_sol,2026-05-05,18.16,20.7,23.05,30.25,31.15,32.14,0.0,3.0,0.55,0.05,uhi_verano+invierno,2026-05-01T06:15:04
cima_del_sol,2026-05-06,19.15,22.15,25.45,26.76,28.15,31.85,0.0,3.0,0.55,0.05,uhi_verano+invierno,2026-05-01T06:15:04
cima_del_sol,2026-05-07,16.68,21.35,25.33,25.97,27.75,31.24,2.3,3.0,0.55,0.05,uhi_verano+invierno,2026-05-01T06:15:04
cima_del_sol,2026-05-08,10.45,14.2,20.25,17.26,22.7,29.91,8.35,,0.55,0.05,uhi_verano+invierno,2026-05-01T06:15:04
cima_del_sol,2026-05-09,7.59,11.1,16.82,15.01,18.65,24.84,0.55,,0.55,0.05,uhi_verano+invierno,2026-05-01T06:15:04
cima_del_sol,2026-05-10,5.28,9.2,14.43,14.56,17.45,21.97,0.02,,0.55,0.05,uhi_verano+invierno,2026-05-01T06:15:04
cima_del_sol,2026-05-11,4.55,7.8,13.7,14.48,18.45,22.3,0.0,,0.55,0.05,uhi_verano+invierno,2026-05-01T06:15:04
cima_del_sol,2026-05-12,4.66,7.15,14.3,16.57,20.35,24.23,0.0,,0.55,0.05,uhi_verano+invierno,2026-05-01T06:15:04
cima_del_sol,2026-05-13,5.37,10.15,18.03,17.95,21.5,27.09,0.0,,0.55,0.05,uhi_verano+invierno,2026-05-01T06:15:04
cima_del_sol,2026-05-14,7.26,11.45,18.42,17.33,21.95,27.94,0.0,,0.55,0.05,uhi_verano+invierno,2026-05-01T06:15:04
colonia_laosiana,2026-05-01,19.25,20.54,23.13,28.02,29.42,30.72,2.1,53.0,-0.38,-0.06,uhi_verano+invierno,2026-05-01T06:15:04
colonia_laosiana,2026-05-02,14.45,16.89,19.24,21.72,22.87,25.11,21.3,63.0,-0.38,-0.06,uhi_verano+invierno,2026-05-01T06:15:04
colonia_laosiana,2026-05-03,10.34,12.24,13.84,19.03,20.92,22.72,0.0,3.0,-0.38,-0.06,uhi_verano+invierno,2026-05-01T06:15:04
colonia_laosiana,2026-05-04,13.85,16.79,19.74,22.95,24.97,27.22,0.0,3.0,-0.38,-0.06,uhi_verano+invierno,2026-05-01T06:15:04
colonia_laosiana,2026-05-05,18.05,20.59,22.94,29.32,30.22,31.21,0.0,3.0,-0.38,-0.06,uhi_verano+invierno,2026-05-01T06:15:04
colonia_laosiana,2026-05-06,19.04,22.04,25.34,25.83,27.22,30.92,0.0,3.0,-0.38,-0.06,uhi_verano+invierno,2026-05-01T06:15:04
colonia_laosiana,2026-05-07,16.57,21.24,25.22,25.04,26.82,30.31,2.3,3.0,-0.38,-0.06,uhi_verano+invierno,2026-05-01T06:15:04
colonia_laosiana,2026-05-08,10.34,14.09,20.14,16.33,21.77,28.98,8.35,,-0.38,-0.06,uhi_verano+invierno,2026-05-01T06:15:04
colonia_laosiana,2026-05-09,7.48,10.99,16.71,14.08,17.72,23.91,0.55,,-0.38,-0.06,uhi_verano+invierno,2026-05-01T06:15:04
colonia_laosiana,2026-05-10,5.17,9.09,14.32,13.63,16.52,21.04,0.02,,-0.38,-0.06,uhi_verano+invierno,2026-05-01T06:15:04
colonia_laosiana,2026-05-11,4.44,7.69,13.59,13.55,17.52,21.37,0.0,,-0.38,-0.06,uhi_verano+invierno,2026-05-01T06:15:04
colonia_laosiana,2026-05-12,4.55,7.04,14.19,15.64,19.42,23.3,0.0,,-0.38,-0.06,uhi_verano+invierno,2026-05-01T06:15:04
colonia_laosiana,2026-05-13,5.26,10.04,17.92,17.02,20.57,26.16,0.0,,-0.38,-0.06,uhi_verano+invierno,2026-05-01T06:15:04
colonia_laosiana,2026-05-14,7.15,11.34,18.31,16.4,21.02,27.01,0.0,,-0.38,-0.06,uhi_verano+invierno,2026-05-01T06:15:04
complejo_gervasio_artigas,2026-05-01,19.22,20.51,23.1,28.4,29.8,31.1,2.1,53.0,0.0,-0.09,uhi_verano+invierno,2026-05-01T06:15:04
complejo_gervasio_artigas,2026-05-02,14.42,16.86,19.21,22.1,23.25,25.49,21.3,63.0,0.0,-0.09,uhi_verano+invierno,2026-05-01T06:15:04
complejo_gervasio_artigas,2026-05-03,10.31,12.21,13.81,19.41,21.3,23.1,0.0,3.0,0.0,-0.09,uhi_verano+invierno,2026-05-01T06:15:04
complejo_gervasio_artigas,2026-05-04,13.82,16.76,19.71,23.33,25.35,27.6,0.0,3.0,0.0,-0.09,uhi_verano+invierno,2026-05-01T06:15:04
complejo_gervasio_artigas,2026-05-05,18.02,20.56,22.91,29.7,30.6,31.59,0.0,3.0,0.0,-0.09,uhi_verano+invierno,2026-05-01T06:15:04
complejo_gervasio_artigas,2026-05-06,19.01,22.01,25.31,26.21,27.6,31.3,0.0,3.0,0.0,-0.09,uhi_verano+invierno,2026-05-01T06:15:04
complejo_gervasio_artigas,2026-05-07,16.54,21.21,25.19,25.42,27.2,30.69,2.3,3.0,0.0,-0.09,uhi_verano+invierno,2026-05-01T06:15:04
complejo_gervasio_artigas,2026-05-08,10.31,14.06,20.11,16.71,22.15,29.36,8.35,,0.0,-0.09,uhi_verano+invierno,2026-05-01T06:15:04
complejo_gervasio_artigas,2026-05-09,7.45,10.96,16.68,14.46,18.1,24.29,0.55,,0.0,-0.09,uhi_verano+invierno,2026-05-01T06:15:04
complejo_gervasio_artigas,2026-05-10,5.14,9.06,14.29,14.01,16.9,21.42,0.02,,0.0,-0.09,uhi_verano+invierno,2026-05-01T06:15:04
complejo_gervasio_artigas,2026-05-11,4.41,7.66,13.56,13.93,17.9,21.75,0.0,,0.0,-0.09,uhi_verano+invierno,2026-05-01T06:15:04
complejo_gervasio_artigas,2026-05-12,4.52,7.01,14.16,16.02,19.8,23.68,0.0,,0.0,-0.09,uhi_verano+invierno,2026-05-01T06:15:04
complejo_gervasio_artigas,2026-05-13,5.23,10.01,17.89,17.4,20.95,26.54,0.0,,0.0,-0.09,uhi_verano+invierno,2026-05-01T06:15:04
complejo_gervasio_artigas,2026-05-14,7.12,11.31,18.28,16.78,21.4,27.39,0.0,,0.0,-0.09,uhi_verano+invierno,2026-05-01T06:15:04
complejo_habitacional_virgen_de_fatima,2026-05-01,19.93,21.22,23.81,30.16,31.56,32.86,2.1,53.0,1.76,0.62,uhi_verano+invierno,2026-05-01T06:15:04
complejo_habitacional_virgen_de_fatima,2026-05-02,15.13,17.57,19.92,23.86,25.01,27.25,21.3,63.0,1.76,0.62,uhi_verano+invierno,2026-05-01T06:15:04
complejo_habitacional_virgen_de_fatima,2026-05-03,11.02,12.92,14.52,21.17,23.06,24.86,0.0,3.0,1.76,0.62,uhi_verano+invierno,2026-05-01T06:15:04
complejo_habitacional_virgen_de_fatima,2026-05-04,14.53,17.47,20.42,25.09,27.11,29.36,0.0,3.0,1.76,0.62,uhi_verano+invierno,2026-05-01T06:15:04
complejo_habitacional_virgen_de_fatima,2026-05-05,18.73,21.27,23.62,31.46,32.36,33.35,0.0,3.0,1.76,0.62,uhi_verano+invierno,2026-05-01T06:15:04
complejo_habitacional_virgen_de_fatima,2026-05-06,19.72,22.72,26.02,27.97,29.36,33.06,0.0,3.0,1.76,0.62,uhi_verano+invierno,2026-05-01T06:15:04
complejo_habitacional_virgen_de_fatima,2026-05-07,17.25,21.92,25.9,27.18,28.96,32.45,2.3,3.0,1.76,0.62,uhi_verano+invierno,2026-05-01T06:15:04
complejo_habitacional_virgen_de_fatima,2026-05-08,11.02,14.77,20.82,18.47,23.91,31.12,8.35,,1.76,0.62,uhi_verano+invierno,2026-05-01T06:15:04
complejo_habitacional_virgen_de_fatima,2026-05-09,8.16,11.67,17.39,16.22,19.86,26.05,0.55,,1.76,0.62,uhi_verano+invierno,2026-05-01T06:15:04
complejo_habitacional_virgen_de_fatima,2026-05-10,5.85,9.77,15.0,15.77,18.66,23.18,0.02,,1.76,0.62,uhi_verano+invierno,2026-05-01T06:15:04
complejo_habitacional_virgen_de_fatima,2026-05-11,5.12,8.37,14.27,15.69,19.66,23.51,0.0,,1.76,0.62,uhi_verano+invierno,2026-05-01T06:15:04
complejo_habitacional_virgen_de_fatima,2026-05-12,5.23,7.72,14.87,17.78,21.56,25.44,0.0,,1.76,0.62,uhi_verano+invierno,2026-05-01T06:15:04
complejo_habitacional_virgen_de_fatima,2026-05-13,5.94,10.72,18.6,19.16,22.71,28.3,0.0,,1.76,0.62,uhi_verano+invierno,2026-05-01T06:15:04
complejo_habitacional_virgen_de_fatima,2026-05-14,7.83,12.02,18.99,18.54,23.16,29.15,0.0,,1.76,0.62,uhi_verano+invierno,2026-05-01T06:15:04
don_santiago,2026-05-01,19.59,20.88,23.47,29.32,30.72,32.02,2.1,53.0,0.92,0.28,uhi_verano+invierno,2026-05-01T06:15:04
don_santiago,2026-05-02,14.79,17.23,19.58,23.02,24.17,26.41,21.3,63.0,0.92,0.28,uhi_verano+invierno,2026-05-01T06:15:04
don_santiago,2026-05-03,10.68,12.58,14.18,20.33,22.22,24.02,0.0,3.0,0.92,0.28,uhi_verano+invierno,2026-05-01T06:15:04
don_santiago,2026-05-04,14.19,17.13,20.08,24.25,26.27,28.52,0.0,3.0,0.92,0.28,uhi_verano+invierno,2026-05-01T06:15:04
don_santiago,2026-05-05,18.39,20.93,23.28,30.62,31.52,32.51,0.0,3.0,0.92,0.28,uhi_verano+invierno,2026-05-01T06:15:04
don_santiago,2026-05-06,19.38,22.38,25.68,27.13,28.52,32.22,0.0,3.0,0.92,0.28,uhi_verano+invierno,2026-05-01T06:15:04
don_santiago,2026-05-07,16.91,21.58,25.56,26.34,28.12,31.61,2.3,3.0,0.92,0.28,uhi_verano+invierno,2026-05-01T06:15:04
don_santiago,2026-05-08,10.68,14.43,20.48,17.63,23.07,30.28,8.35,,0.92,0.28,uhi_verano+invierno,2026-05-01T06:15:04
don_santiago,2026-05-09,7.82,11.33,17.05,15.38,19.02,25.21,0.55,,0.92,0.28,uhi_verano+invierno,2026-05-01T06:15:04
don_santiago,2026-05-10,5.51,9.43,14.66,14.93,17.82,22.34,0.02,,0.92,0.28,uhi_verano+invierno,2026-05-01T06:15:04
don_santiago,2026-05-11,4.78,8.03,13.93,14.85,18.82,22.67,0.0,,0.92,0.28,uhi_verano+invierno,2026-05-01T06:15:04
don_santiago,2026-05-12,4.89,7.38,14.53,16.94,20.72,24.6,0.0,,0.92,0.28,uhi_verano+invierno,2026-05-01T06:15:04
don_santiago,2026-05-13,5.6,10.38,18.26,18.32,21.87,27.46,0.0,,0.92,0.28,uhi_verano+invierno,2026-05-01T06:15:04
don_santiago,2026-05-14,7.49,11.68,18.65,17.7,22.32,28.31,0.0,,0.92,0.28,uhi_verano+invierno,2026-05-01T06:15:04
el_brete,2026-05-01,19.58,20.87,23.46,29.18,30.58,31.88,2.1,53.0,0.78,0.27,uhi_verano+invierno,2026-05-01T06:15:04
el_brete,2026-05-02,14.78,17.22,19.57,22.88,24.03,26.27,21.3,63.0,0.78,0.27,uhi_verano+invierno,2026-05-01T06:15:04
el_brete,2026-05-03,10.67,12.57,14.17,20.19,22.08,23.88,0.0,3.0,0.78,0.27,uhi_verano+invierno,2026-05-01T06:15:04
el_brete,2026-05-04,14.18,17.12,20.07,24.11,26.13,28.38,0.0,3.0,0.78,0.27,uhi_verano+invierno,2026-05-01T06:15:04
el_brete,2026-05-05,18.38,20.92,23.27,30.48,31.38,32.37,0.0,3.0,0.78,0.27,uhi_verano+invierno,2026-05-01T06:15:04
el_brete,2026-05-06,19.37,22.37,25.67,26.99,28.38,32.08,0.0,3.0,0.78,0.27,uhi_verano+invierno,2026-05-01T06:15:04
el_brete,2026-05-07,16.9,21.57,25.55,26.2,27.98,31.47,2.3,3.0,0.78,0.27,uhi_verano+invierno,2026-05-01T06:15:04
el_brete,2026-05-08,10.67,14.42,20.47,17.49,22.93,30.14,8.35,,0.78,0.27,uhi_verano+invierno,2026-05-01T06:15:04
el_brete,2026-05-09,7.81,11.32,17.04,15.24,18.88,25.07,0.55,,0.78,0.27,uhi_verano+invierno,2026-05-01T06:15:04
el_brete,2026-05-10,5.5,9.42,14.65,14.79,17.68,22.2,0.02,,0.78,0.27,uhi_verano+invierno,2026-05-01T06:15:04
el_brete,2026-05-11,4.77,8.02,13.92,14.71,18.68,22.53,0.0,,0.78,0.27,uhi_verano+invierno,2026-05-01T06:15:04
el_brete,2026-05-12,4.88,7.37,14.52,16.8,20.58,24.46,0.0,,0.78,0.27,uhi_verano+invierno,2026-05-01T06:15:04
el_brete,2026-05-13,5.59,10.37,18.25,18.18,21.73,27.32,0.0,,0.78,0.27,uhi_verano+invierno,2026-05-01T06:15:04
el_brete,2026-05-14,7.48,11.67,18.64,17.56,22.18,28.17,0.0,,0.78,0.27,uhi_verano+invierno,2026-05-01T06:15:04
el_laurel,2026-05-01,19.2,20.49,23.08,27.6,29.0,30.3,2.1,53.0,-0.8,-0.11,uhi_verano+invierno,2026-05-01T06:15:04
el_laurel,2026-05-02,14.4,16.84,19.19,21.3,22.45,24.69,21.3,63.0,-0.8,-0.11,uhi_verano+invierno,2026-05-01T06:15:04
el_laurel,2026-05-03,10.29,12.19,13.79,18.61,20.5,22.3,0.0,3.0,-0.8,-0.11,uhi_verano+invierno,2026-05-01T06:15:04
el_laurel,2026-05-04,13.8,16.74,19.69,22.53,24.55,26.8,0.0,3.0,-0.8,-0.11,uhi_verano+invierno,2026-05-01T06:15:04
el_laurel,2026-05-05,18.0,20.54,22.89,28.9,29.8,30.79,0.0,3.0,-0.8,-0.11,uhi_verano+invierno,2026-05-01T06:15:04
el_laurel,2026-05-06,18.99,21.99,25.29,25.41,26.8,30.5,0.0,3.0,-0.8,-0.11,uhi_verano+invierno,2026-05-01T06:15:04
el_laurel,2026-05-07,16.52,21.19,25.17,24.62,26.4,29.89,2.3,3.0,-0.8,-0.11,uhi_verano+invierno,2026-05-01T06:15:04
el_laurel,2026-05-08,10.29,14.04,20.09,15.91,21.35,28.56,8.35,,-0.8,-0.11,uhi_verano+invierno,2026-05-01T06:15:04
el_laurel,2026-05-09,7.43,10.94,16.66,13.66,17.3,23.49,0.55,,-0.8,-0.11,uhi_verano+invierno,2026-05-01T06:15:04
el_laurel,2026-05-10,5.12,9.04,14.27,13.21,16.1,20.62,0.02,,-0.8,-0.11,uhi_verano+invierno,2026-05-01T06:15:04
el_laurel,2026-05-11,4.39,7.64,13.54,13.13,17.1,20.95,0.0,,-0.8,-0.11,uhi_verano+invierno,2026-05-01T06:15:04
el_laurel,2026-05-12,4.5,6.99,14.14,15.22,19.0,22.88,0.0,,-0.8,-0.11,uhi_verano+invierno,2026-05-01T06:15:04
el_laurel,2026-05-13,5.21,9.99,17.87,16.6,20.15,25.74,0.0,,-0.8,-0.11,uhi_verano+invierno,2026-05-01T06:15:04
el_laurel,2026-05-14,7.1,11.29,18.26,15.98,20.6,26.59,0.0,,-0.8,-0.11,uhi_verano+invierno,2026-05-01T06:15:04
el_palomar,2026-05-01,19.43,20.72,23.31,30.15,31.55,32.85,2.1,53.0,1.75,0.12,uhi_verano+invierno,2026-05-01T06:15:04
el_palomar,2026-05-02,14.63,17.07,19.42,23.85,25.0,27.24,21.3,63.0,1.75,0.12,uhi_verano+invierno,2026-05-01T06:15:04
el_palomar,2026-05-03,10.52,12.42,14.02,21.16,23.05,24.85,0.0,3.0,1.75,0.12,uhi_verano+invierno,2026-05-01T06:15:04
el_palomar,2026-05-04,14.03,16.97,19.92,25.08,27.1,29.35,0.0,3.0,1.75,0.12,uhi_verano+invierno,2026-05-01T06:15:04
el_palomar,2026-05-05,18.23,20.77,23.12,31.45,32.35,33.34,0.0,3.0,1.75,0.12,uhi_verano+invierno,2026-05-01T06:15:04
el_palomar,2026-05-06,19.22,22.22,25.52,27.96,29.35,33.05,0.0,3.0,1.75,0.12,uhi_verano+invierno,2026-05-01T06:15:04
el_palomar,2026-05-07,16.75,21.42,25.4,27.17,28.95,32.44,2.3,3.0,1.75,0.12,uhi_verano+invierno,2026-05-01T06:15:04
el_palomar,2026-05-08,10.52,14.27,20.32,18.46,23.9,31.11,8.35,,1.75,0.12,uhi_verano+invierno,2026-05-01T06:15:04
el_palomar,2026-05-09,7.66,11.17,16.89,16.21,19.85,26.04,0.55,,1.75,0.12,uhi_verano+invierno,2026-05-01T06:15:04
el_palomar,2026-05-10,5.35,9.27,14.5,15.76,18.65,23.17,0.02,,1.75,0.12,uhi_verano+invierno,2026-05-01T06:15:04
el_palomar,2026-05-11,4.62,7.87,13.77,15.68,19.65,23.5,0.0,,1.75,0.12,uhi_verano+invierno,2026-05-01T06:15:04
el_palomar,2026-05-12,4.73,7.22,14.37,17.77,21.55,25.43,0.0,,1.75,0.12,uhi_verano+invierno,2026-05-01T06:15:04
el_palomar,2026-05-13,5.44,10.22,18.1,19.15,22.7,28.29,0.0,,1.75,0.12,uhi_verano+invierno,2026-05-01T06:15:04
el_palomar,2026-05-14,7.33,11.52,18.49,18.53,23.15,29.14,0.0,,1.75,0.12,uhi_verano+invierno,2026-05-01T06:15:04
fatima,2026-05-01,19.59,20.88,23.47,28.98,30.38,31.68,2.1,53.0,0.58,0.28,uhi_verano+invierno,2026-05-01T06:15:04
fatima,2026-05-02,14.79,17.23,19.58,22.68,23.83,26.07,21.3,63.0,0.58,0.28,uhi_verano+invierno,2026-05-01T06:15:04
fatima,2026-05-03,10.68,12.58,14.18,19.99,21.88,23.68,0.0,3.0,0.58,0.28,uhi_verano+invierno,2026-05-01T06:15:04
fatima,2026-05-04,14.19,17.13,20.08,23.91,25.93,28.18,0.0,3.0,0.58,0.28,uhi_verano+invierno,2026-05-01T06:15:04
fatima,2026-05-05,18.39,20.93,23.28,30.28,31.18,32.17,0.0,3.0,0.58,0.28,uhi_verano+invierno,2026-05-01T06:15:04
fatima,2026-05-06,19.38,22.38,25.68,26.79,28.18,31.88,0.0,3.0,0.58,0.28,uhi_verano+invierno,2026-05-01T06:15:04
fatima,2026-05-07,16.91,21.58,25.56,26.0,27.78,31.27,2.3,3.0,0.58,0.28,uhi_verano+invierno,2026-05-01T06:15:04
fatima,2026-05-08,10.68,14.43,20.48,17.29,22.73,29.94,8.35,,0.58,0.28,uhi_verano+invierno,2026-05-01T06:15:04
fatima,2026-05-09,7.82,11.33,17.05,15.04,18.68,24.87,0.55,,0.58,0.28,uhi_verano+invierno,2026-05-01T06:15:04
fatima,2026-05-10,5.51,9.43,14.66,14.59,17.48,22.0,0.02,,0.58,0.28,uhi_verano+invierno,2026-05-01T06:15:04
fatima,2026-05-11,4.78,8.03,13.93,14.51,18.48,22.33,0.0,,0.58,0.28,uhi_verano+invierno,2026-05-01T06:15:04
fatima,2026-05-12,4.89,7.38,14.53,16.6,20.38,24.26,0.0,,0.58,0.28,uhi_verano+invierno,2026-05-01T06:15:04
fatima,2026-05-13,5.6,10.38,18.26,17.98,21.53,27.12,0.0,,0.58,0.28,uhi_verano+invierno,2026-05-01T06:15:04
fatima,2026-05-14,7.49,11.68,18.65,17.36,21.98,27.97,0.0,,0.58,0.28,uhi_verano+invierno,2026-05-01T06:15:04
federal,2026-05-01,19.21,20.5,23.09,28.59,29.99,31.29,2.1,53.0,0.19,-0.1,uhi_verano+invierno,2026-05-01T06:15:04
federal,2026-05-02,14.41,16.85,19.2,22.29,23.44,25.68,21.3,63.0,0.19,-0.1,uhi_verano+invierno,2026-05-01T06:15:04
federal,2026-05-03,10.3,12.2,13.8,19.6,21.49,23.29,0.0,3.0,0.19,-0.1,uhi_verano+invierno,2026-05-01T06:15:04
federal,2026-05-04,13.81,16.75,19.7,23.52,25.54,27.79,0.0,3.0,0.19,-0.1,uhi_verano+invierno,2026-05-01T06:15:04
federal,2026-05-05,18.01,20.55,22.9,29.89,30.79,31.78,0.0,3.0,0.19,-0.1,uhi_verano+invierno,2026-05-01T06:15:04
federal,2026-05-06,19.0,22.0,25.3,26.4,27.79,31.49,0.0,3.0,0.19,-0.1,uhi_verano+invierno,2026-05-01T06:15:04
federal,2026-05-07,16.53,21.2,25.18,25.61,27.39,30.88,2.3,3.0,0.19,-0.1,uhi_verano+invierno,2026-05-01T06:15:04
federal,2026-05-08,10.3,14.05,20.1,16.9,22.34,29.55,8.35,,0.19,-0.1,uhi_verano+invierno,2026-05-01T06:15:04
federal,2026-05-09,7.44,10.95,16.67,14.65,18.29,24.48,0.55,,0.19,-0.1,uhi_verano+invierno,2026-05-01T06:15:04
federal,2026-05-10,5.13,9.05,14.28,14.2,17.09,21.61,0.02,,0.19,-0.1,uhi_verano+invierno,2026-05-01T06:15:04
federal,2026-05-11,4.4,7.65,13.55,14.12,18.09,21.94,0.0,,0.19,-0.1,uhi_verano+invierno,2026-05-01T06:15:04
federal,2026-05-12,4.51,7.0,14.15,16.21,19.99,23.87,0.0,,0.19,-0.1,uhi_verano+invierno,2026-05-01T06:15:04
federal,2026-05-13,5.22,10.0,17.88,17.59,21.14,26.73,0.0,,0.19,-0.1,uhi_verano+invierno,2026-05-01T06:15:04
federal,2026-05-14,7.11,11.3,18.27,16.97,21.59,27.58,0.0,,0.19,-0.1,uhi_verano+invierno,2026-05-01T06:15:04
itaembe_guazu,2026-05-01,19.36,20.65,23.24,29.4,30.8,32.1,2.1,53.0,1.0,0.05,uhi_verano+invierno,2026-05-01T06:15:04
itaembe_guazu,2026-05-02,14.56,17.0,19.35,23.1,24.25,26.49,21.3,63.0,1.0,0.05,uhi_verano+invierno,2026-05-01T06:15:04
itaembe_guazu,2026-05-03,10.45,12.35,13.95,20.41,22.3,24.1,0.0,3.0,1.0,0.05,uhi_verano+invierno,2026-05-01T06:15:04
itaembe_guazu,2026-05-04,13.96,16.9,19.85,24.33,26.35,28.6,0.0,3.0,1.0,0.05,uhi_verano+invierno,2026-05-01T06:15:04
itaembe_guazu,2026-05-05,18.16,20.7,23.05,30.7,31.6,32.59,0.0,3.0,1.0,0.05,uhi_verano+invierno,2026-05-01T06:15:04
itaembe_guazu,2026-05-06,19.15,22.15,25.45,27.21,28.6,32.3,0.0,3.0,1.0,0.05,uhi_verano+invierno,2026-05-01T06:15:04
itaembe_guazu,2026-05-07,16.68,21.35,25.33,26.42,28.2,31.69,2.3,3.0,1.0,0.05,uhi_verano+invierno,2026-05-01T06:15:04
itaembe_guazu,2026-05-08,10.45,14.2,20.25,17.71,23.15,30.36,8.35,,1.0,0.05,uhi_verano+invierno,2026-05-01T06:15:04
itaembe_guazu,2026-05-09,7.59,11.1,16.82,15.46,19.1,25.29,0.55,,1.0,0.05,uhi_verano+invierno,2026-05-01T06:15:04
itaembe_guazu,2026-05-10,5.28,9.2,14.43,15.01,17.9,22.42,0.02,,1.0,0.05,uhi_verano+invierno,2026-05-01T06:15:04
itaembe_guazu,2026-05-11,4.55,7.8,13.7,14.93,18.9,22.75,0.0,,1.0,0.05,uhi_verano+invierno,2026-05-01T06:15:04
itaembe_guazu,2026-05-12,4.66,7.15,14.3,17.02,20.8,24.68,0.0,,1.0,0.05,uhi_verano+invierno,2026-05-01T06:15:04
itaembe_guazu,2026-05-13,5.37,10.15,18.03,18.4,21.95,27.54,0.0,,1.0,0.05,uhi_verano+invierno,2026-05-01T06:15:04
itaembe_guazu,2026-05-14,7.26,11.45,18.42,17.78,22.4,28.39,0.0,,1.0,0.05,uhi_verano+invierno,2026-05-01T06:15:04
itaembe_mini,2026-05-01,19.54,20.83,23.42,29.33,30.73,32.03,2.1,53.0,0.93,0.23,uhi_verano+invierno,2026-05-01T06:15:04
itaembe_mini,2026-05-02,14.74,17.18,19.53,23.03,24.18,26.42,21.3,63.0,0.93,0.23,uhi_verano+invierno,2026-05-01T06:15:04
itaembe_mini,2026-05-03,10.63,12.53,14.13,20.34,22.23,24.03,0.0,3.0,0.93,0.23,uhi_verano+invierno,2026-05-01T06:15:04
itaembe_mini,2026-05-04,14.14,17.08,20.03,24.26,26.28,28.53,0.0,3.0,0.93,0.23,uhi_verano+invierno,2026-05-01T06:15:04
itaembe_mini,2026-05-05,18.34,20.88,23.23,30.63,31.53,32.52,0.0,3.0,0.93,0.23,uhi_verano+invierno,2026-05-01T06:15:04
itaembe_mini,2026-05-06,19.33,22.33,25.63,27.14,28.53,32.23,0.0,3.0,0.93,0.23,uhi_verano+invierno,2026-05-01T06:15:04
itaembe_mini,2026-05-07,16.86,21.53,25.51,26.35,28.13,31.62,2.3,3.0,0.93,0.23,uhi_verano+invierno,2026-05-01T06:15:04
itaembe_mini,2026-05-08,10.63,14.38,20.43,17.64,23.08,30.29,8.35,,0.93,0.23,uhi_verano+invierno,2026-05-01T06:15:04
itaembe_mini,2026-05-09,7.77,11.28,17.0,15.39,19.03,25.22,0.55,,0.93,0.23,uhi_verano+invierno,2026-05-01T06:15:04
itaembe_mini,2026-05-10,5.46,9.38,14.61,14.94,17.83,22.35,0.02,,0.93,0.23,uhi_verano+invierno,2026-05-01T06:15:04
itaembe_mini,2026-05-11,4.73,7.98,13.88,14.86,18.83,22.68,0.0,,0.93,0.23,uhi_verano+invierno,2026-05-01T06:15:04
itaembe_mini,2026-05-12,4.84,7.33,14.48,16.95,20.73,24.61,0.0,,0.93,0.23,uhi_verano+invierno,2026-05-01T06:15:04
itaembe_mini,2026-05-13,5.55,10.33,18.21,18.33,21.88,27.47,0.0,,0.93,0.23,uhi_verano+invierno,2026-05-01T06:15:04
itaembe_mini,2026-05-14,7.44,11.63,18.6,17.71,22.33,28.32,0.0,,0.93,0.23,uhi_verano+invierno,2026-05-01T06:15:04
itaembe_pora,2026-05-01,19.54,20.83,23.42,29.46,30.86,32.16,2.1,53.0,1.06,0.23,uhi_verano+invierno,2026-05-01T06:15:04
itaembe_pora,2026-05-02,14.74,17.18,19.53,23.16,24.31,26.55,21.3,63.0,1.06,0.23,uhi_verano+invierno,2026-05-01T06:15:04
itaembe_pora,2026-05-03,10.63,12.53,14.13,20.47,22.36,24.16,0.0,3.0,1.06,0.23,uhi_verano+invierno,2026-05-01T06:15:04
itaembe_pora,2026-05-04,14.14,17.08,20.03,24.39,26.41,28.66,0.0,3.0,1.06,0.23,uhi_verano+invierno,2026-05-01T06:15:04
itaembe_pora,2026-05-05,18.34,20.88,23.23,30.76,31.66,32.65,0.0,3.0,1.06,0.23,uhi_verano+invierno,2026-05-01T06:15:04
itaembe_pora,2026-05-06,19.33,22.33,25.63,27.27,28.66,32.36,0.0,3.0,1.06,0.23,uhi_verano+invierno,2026-05-01T06:15:04
itaembe_pora,2026-05-07,16.86,21.53,25.51,26.48,28.26,31.75,2.3,3.0,1.06,0.23,uhi_verano+invierno,2026-05-01T06:15:04
itaembe_pora,2026-05-08,10.63,14.38,20.43,17.77,23.21,30.42,8.35,,1.06,0.23,uhi_verano+invierno,2026-05-01T06:15:04
itaembe_pora,2026-05-09,7.77,11.28,17.0,15.52,19.16,25.35,0.55,,1.06,0.23,uhi_verano+invierno,2026-05-01T06:15:04
itaembe_pora,2026-05-10,5.46,9.38,14.61,15.07,17.96,22.48,0.02,,1.06,0.23,uhi_verano+invierno,2026-05-01T06:15:04
itaembe_pora,2026-05-11,4.73,7.98,13.88,14.99,18.96,22.81,0.0,,1.06,0.23,uhi_verano+invierno,2026-05-01T06:15:04
itaembe_pora,2026-05-12,4.84,7.33,14.48,17.08,20.86,24.74,0.0,,1.06,0.23,uhi_verano+invierno,2026-05-01T06:15:04
itaembe_pora,2026-05-13,5.55,10.33,18.21,18.46,22.01,27.6,0.0,,1.06,0.23,uhi_verano+invierno,2026-05-01T06:15:04
itaembe_pora,2026-05-14,7.44,11.63,18.6,17.84,22.46,28.45,0.0,,1.06,0.23,uhi_verano+invierno,2026-05-01T06:15:04
las_dolores,2026-05-01,19.49,20.78,23.37,29.37,30.77,32.07,2.1,53.0,0.97,0.18,uhi_verano+invierno,2026-05-01T06:15:04
las_dolores,2026-05-02,14.69,17.13,19.48,23.07,24.22,26.46,21.3,63.0,0.97,0.18,uhi_verano+invierno,2026-05-01T06:15:04
las_dolores,2026-05-03,10.58,12.48,14.08,20.38,22.27,24.07,0.0,3.0,0.97,0.18,uhi_verano+invierno,2026-05-01T06:15:04
las_dolores,2026-05-04,14.09,17.03,19.98,24.3,26.32,28.57,0.0,3.0,0.97,0.18,uhi_verano+invierno,2026-05-01T06:15:04
las_dolores,2026-05-05,18.29,20.83,23.18,30.67,31.57,32.56,0.0,3.0,0.97,0.18,uhi_verano+invierno,2026-05-01T06:15:04
las_dolores,2026-05-06,19.28,22.28,25.58,27.18,28.57,32.27,0.0,3.0,0.97,0.18,uhi_verano+invierno,2026-05-01T06:15:04
las_dolores,2026-05-07,16.81,21.48,25.46,26.39,28.17,31.66,2.3,3.0,0.97,0.18,uhi_verano+invierno,2026-05-01T06:15:04
las_dolores,2026-05-08,10.58,14.33,20.38,17.68,23.12,30.33,8.35,,0.97,0.18,uhi_verano+invierno,2026-05-01T06:15:04
las_dolores,2026-05-09,7.72,11.23,16.95,15.43,19.07,25.26,0.55,,0.97,0.18,uhi_verano+invierno,2026-05-01T06:15:04
las_dolores,2026-05-10,5.41,9.33,14.56,14.98,17.87,22.39,0.02,,0.97,0.18,uhi_verano+invierno,2026-05-01T06:15:04
las_dolores,2026-05-11,4.68,7.93,13.83,14.9,18.87,22.72,0.0,,0.97,0.18,uhi_verano+invierno,2026-05-01T06:15:04
las_dolores,2026-05-12,4.79,7.28,14.43,16.99,20.77,24.65,0.0,,0.97,0.18,uhi_verano+invierno,2026-05-01T06:15:04
las_dolores,2026-05-13,5.5,10.28,18.16,18.37,21.92,27.51,0.0,,0.97,0.18,uhi_verano+invierno,2026-05-01T06:15:04
las_dolores,2026-05-14,7.39,11.58,18.55,17.75,22.37,28.36,0.0,,0.97,0.18,uhi_verano+invierno,2026-05-01T06:15:04
lomas_de_garupa,2026-05-01,19.5,20.79,23.38,29.35,30.75,32.05,2.1,53.0,0.95,0.19,uhi_verano+invierno,2026-05-01T06:15:04
lomas_de_garupa,2026-05-02,14.7,17.14,19.49,23.05,24.2,26.44,21.3,63.0,0.95,0.19,uhi_verano+invierno,2026-05-01T06:15:04
lomas_de_garupa,2026-05-03,10.59,12.49,14.09,20.36,22.25,24.05,0.0,3.0,0.95,0.19,uhi_verano+invierno,2026-05-01T06:15:04
lomas_de_garupa,2026-05-04,14.1,17.04,19.99,24.28,26.3,28.55,0.0,3.0,0.95,0.19,uhi_verano+invierno,2026-05-01T06:15:04
lomas_de_garupa,2026-05-05,18.3,20.84,23.19,30.65,31.55,32.54,0.0,3.0,0.95,0.19,uhi_verano+invierno,2026-05-01T06:15:04
lomas_de_garupa,2026-05-06,19.29,22.29,25.59,27.16,28.55,32.25,0.0,3.0,0.95,0.19,uhi_verano+invierno,2026-05-01T06:15:04
lomas_de_garupa,2026-05-07,16.82,21.49,25.47,26.37,28.15,31.64,2.3,3.0,0.95,0.19,uhi_verano+invierno,2026-05-01T06:15:04
lomas_de_garupa,2026-05-08,10.59,14.34,20.39,17.66,23.1,30.31,8.35,,0.95,0.19,uhi_verano+invierno,2026-05-01T06:15:04
lomas_de_garupa,2026-05-09,7.73,11.24,16.96,15.41,19.05,25.24,0.55,,0.95,0.19,uhi_verano+invierno,2026-05-01T06:15:04
lomas_de_garupa,2026-05-10,5.42,9.34,14.57,14.96,17.85,22.37,0.02,,0.95,0.19,uhi_verano+invierno,2026-05-01T06:15:04
lomas_de_garupa,2026-05-11,4.69,7.94,13.84,14.88,18.85,22.7,0.0,,0.95,0.19,uhi_verano+invierno,2026-05-01T06:15:04
lomas_de_garupa,2026-05-12,4.8,7.29,14.44,16.97,20.75,24.63,0.0,,0.95,0.19,uhi_verano+invierno,2026-05-01T06:15:04
lomas_de_garupa,2026-05-13,5.51,10.29,18.17,18.35,21.9,27.49,0.0,,0.95,0.19,uhi_verano+invierno,2026-05-01T06:15:04
lomas_de_garupa,2026-05-14,7.4,11.59,18.56,17.73,22.35,28.34,0.0,,0.95,0.19,uhi_verano+invierno,2026-05-01T06:15:04
luis_piedrabuena,2026-05-01,19.41,20.7,23.29,29.26,30.66,31.96,2.1,53.0,0.86,0.1,uhi_verano+invierno,2026-05-01T06:15:04
luis_piedrabuena,2026-05-02,14.61,17.05,19.4,22.96,24.11,26.35,21.3,63.0,0.86,0.1,uhi_verano+invierno,2026-05-01T06:15:04
luis_piedrabuena,2026-05-03,10.5,12.4,14.0,20.27,22.16,23.96,0.0,3.0,0.86,0.1,uhi_verano+invierno,2026-05-01T06:15:04
luis_piedrabuena,2026-05-04,14.01,16.95,19.9,24.19,26.21,28.46,0.0,3.0,0.86,0.1,uhi_verano+invierno,2026-05-01T06:15:04
luis_piedrabuena,2026-05-05,18.21,20.75,23.1,30.56,31.46,32.45,0.0,3.0,0.86,0.1,uhi_verano+invierno,2026-05-01T06:15:04
luis_piedrabuena,2026-05-06,19.2,22.2,25.5,27.07,28.46,32.16,0.0,3.0,0.86,0.1,uhi_verano+invierno,2026-05-01T06:15:04
luis_piedrabuena,2026-05-07,16.73,21.4,25.38,26.28,28.06,31.55,2.3,3.0,0.86,0.1,uhi_verano+invierno,2026-05-01T06:15:04
luis_piedrabuena,2026-05-08,10.5,14.25,20.3,17.57,23.01,30.22,8.35,,0.86,0.1,uhi_verano+invierno,2026-05-01T06:15:04
luis_piedrabuena,2026-05-09,7.64,11.15,16.87,15.32,18.96,25.15,0.55,,0.86,0.1,uhi_verano+invierno,2026-05-01T06:15:04
luis_piedrabuena,2026-05-10,5.33,9.25,14.48,14.87,17.76,22.28,0.02,,0.86,0.1,uhi_verano+invierno,2026-05-01T06:15:04
luis_piedrabuena,2026-05-11,4.6,7.85,13.75,14.79,18.76,22.61,0.0,,0.86,0.1,uhi_verano+invierno,2026-05-01T06:15:04
luis_piedrabuena,2026-05-12,4.71,7.2,14.35,16.88,20.66,24.54,0.0,,0.86,0.1,uhi_verano+invierno,2026-05-01T06:15:04
luis_piedrabuena,2026-05-13,5.42,10.2,18.08,18.26,21.81,27.4,0.0,,0.86,0.1,uhi_verano+invierno,2026-05-01T06:15:04
luis_piedrabuena,2026-05-14,7.31,11.5,18.47,17.64,22.26,28.25,0.0,,0.86,0.1,uhi_verano+invierno,2026-05-01T06:15:04
miguel_lanus,2026-05-01,19.68,20.97,23.56,29.35,30.75,32.05,2.1,53.0,0.95,0.37,uhi_verano+invierno,2026-05-01T06:15:04
miguel_lanus,2026-05-02,14.88,17.32,19.67,23.05,24.2,26.44,21.3,63.0,0.95,0.37,uhi_verano+invierno,2026-05-01T06:15:04
miguel_lanus,2026-05-03,10.77,12.67,14.27,20.36,22.25,24.05,0.0,3.0,0.95,0.37,uhi_verano+invierno,2026-05-01T06:15:04
miguel_lanus,2026-05-04,14.28,17.22,20.17,24.28,26.3,28.55,0.0,3.0,0.95,0.37,uhi_verano+invierno,2026-05-01T06:15:04
miguel_lanus,2026-05-05,18.48,21.02,23.37,30.65,31.55,32.54,0.0,3.0,0.95,0.37,uhi_verano+invierno,2026-05-01T06:15:04
miguel_lanus,2026-05-06,19.47,22.47,25.77,27.16,28.55,32.25,0.0,3.0,0.95,0.37,uhi_verano+invierno,2026-05-01T06:15:04
miguel_lanus,2026-05-07,17.0,21.67,25.65,26.37,28.15,31.64,2.3,3.0,0.95,0.37,uhi_verano+invierno,2026-05-01T06:15:04
miguel_lanus,2026-05-08,10.77,14.52,20.57,17.66,23.1,30.31,8.35,,0.95,0.37,uhi_verano+invierno,2026-05-01T06:15:04
miguel_lanus,2026-05-09,7.91,11.42,17.14,15.41,19.05,25.24,0.55,,0.95,0.37,uhi_verano+invierno,2026-05-01T06:15:04
miguel_lanus,2026-05-10,5.6,9.52,14.75,14.96,17.85,22.37,0.02,,0.95,0.37,uhi_verano+invierno,2026-05-01T06:15:04
miguel_lanus,2026-05-11,4.87,8.12,14.02,14.88,18.85,22.7,0.0,,0.95,0.37,uhi_verano+invierno,2026-05-01T06:15:04
miguel_lanus,2026-05-12,4.98,7.47,14.62,16.97,20.75,24.63,0.0,,0.95,0.37,uhi_verano+invierno,2026-05-01T06:15:04
miguel_lanus,2026-05-13,5.69,10.47,18.35,18.35,21.9,27.49,0.0,,0.95,0.37,uhi_verano+invierno,2026-05-01T06:15:04
miguel_lanus,2026-05-14,7.58,11.77,18.74,17.73,22.35,28.34,0.0,,0.95,0.37,uhi_verano+invierno,2026-05-01T06:15:04
monsenor_kemerer,2026-05-01,19.47,20.76,23.35,29.47,30.87,32.17,2.1,53.0,1.07,0.16,uhi_verano+invierno,2026-05-01T06:15:04
monsenor_kemerer,2026-05-02,14.67,17.11,19.46,23.17,24.32,26.56,21.3,63.0,1.07,0.16,uhi_verano+invierno,2026-05-01T06:15:04
monsenor_kemerer,2026-05-03,10.56,12.46,14.06,20.48,22.37,24.17,0.0,3.0,1.07,0.16,uhi_verano+invierno,2026-05-01T06:15:04
monsenor_kemerer,2026-05-04,14.07,17.01,19.96,24.4,26.42,28.67,0.0,3.0,1.07,0.16,uhi_verano+invierno,2026-05-01T06:15:04
monsenor_kemerer,2026-05-05,18.27,20.81,23.16,30.77,31.67,32.66,0.0,3.0,1.07,0.16,uhi_verano+invierno,2026-05-01T06:15:04
monsenor_kemerer,2026-05-06,19.26,22.26,25.56,27.28,28.67,32.37,0.0,3.0,1.07,0.16,uhi_verano+invierno,2026-05-01T06:15:04
monsenor_kemerer,2026-05-07,16.79,21.46,25.44,26.49,28.27,31.76,2.3,3.0,1.07,0.16,uhi_verano+invierno,2026-05-01T06:15:04
monsenor_kemerer,2026-05-08,10.56,14.31,20.36,17.78,23.22,30.43,8.35,,1.07,0.16,uhi_verano+invierno,2026-05-01T06:15:04
monsenor_kemerer,2026-05-09,7.7,11.21,16.93,15.53,19.17,25.36,0.55,,1.07,0.16,uhi_verano+invierno,2026-05-01T06:15:04
monsenor_kemerer,2026-05-10,5.39,9.31,14.54,15.08,17.97,22.49,0.02,,1.07,0.16,uhi_verano+invierno,2026-05-01T06:15:04
monsenor_kemerer,2026-05-11,4.66,7.91,13.81,15.0,18.97,22.82,0.0,,1.07,0.16,uhi_verano+invierno,2026-05-01T06:15:04
monsenor_kemerer,2026-05-12,4.77,7.26,14.41,17.09,20.87,24.75,0.0,,1.07,0.16,uhi_verano+invierno,2026-05-01T06:15:04
monsenor_kemerer,2026-05-13,5.48,10.26,18.14,18.47,22.02,27.61,0.0,,1.07,0.16,uhi_verano+invierno,2026-05-01T06:15:04
monsenor_kemerer,2026-05-14,7.37,11.56,18.53,17.85,22.47,28.46,0.0,,1.07,0.16,uhi_verano+invierno,2026-05-01T06:15:04
nemesio_parma,2026-05-01,19.31,20.6,23.19,27.61,29.01,30.31,2.1,53.0,-0.79,0.0,uhi_verano+invierno,2026-05-01T06:15:04
nemesio_parma,2026-05-02,14.51,16.95,19.3,21.31,22.46,24.7,21.3,63.0,-0.79,0.0,uhi_verano+invierno,2026-05-01T06:15:04
nemesio_parma,2026-05-03,10.4,12.3,13.9,18.62,20.51,22.31,0.0,3.0,-0.79,0.0,uhi_verano+invierno,2026-05-01T06:15:04
nemesio_parma,2026-05-04,13.91,16.85,19.8,22.54,24.56,26.81,0.0,3.0,-0.79,0.0,uhi_verano+invierno,2026-05-01T06:15:04
nemesio_parma,2026-05-05,18.11,20.65,23.0,28.91,29.81,30.8,0.0,3.0,-0.79,0.0,uhi_verano+invierno,2026-05-01T06:15:04
nemesio_parma,2026-05-06,19.1,22.1,25.4,25.42,26.81,30.51,0.0,3.0,-0.79,0.0,uhi_verano+invierno,2026-05-01T06:15:04
nemesio_parma,2026-05-07,16.63,21.3,25.28,24.63,26.41,29.9,2.3,3.0,-0.79,0.0,uhi_verano+invierno,2026-05-01T06:15:04
nemesio_parma,2026-05-08,10.4,14.15,20.2,15.92,21.36,28.57,8.35,,-0.79,0.0,uhi_verano+invierno,2026-05-01T06:15:04
nemesio_parma,2026-05-09,7.54,11.05,16.77,13.67,17.31,23.5,0.55,,-0.79,0.0,uhi_verano+invierno,2026-05-01T06:15:04
nemesio_parma,2026-05-10,5.23,9.15,14.38,13.22,16.11,20.63,0.02,,-0.79,0.0,uhi_verano+invierno,2026-05-01T06:15:04
nemesio_parma,2026-05-11,4.5,7.75,13.65,13.14,17.11,20.96,0.0,,-0.79,0.0,uhi_verano+invierno,2026-05-01T06:15:04
nemesio_parma,2026-05-12,4.61,7.1,14.25,15.23,19.01,22.89,0.0,,-0.79,0.0,uhi_verano+invierno,2026-05-01T06:15:04
nemesio_parma,2026-05-13,5.32,10.1,17.98,16.61,20.16,25.75,0.0,,-0.79,0.0,uhi_verano+invierno,2026-05-01T06:15:04
nemesio_parma,2026-05-14,7.21,11.4,18.37,15.99,20.61,26.6,0.0,,-0.79,0.0,uhi_verano+invierno,2026-05-01T06:15:04
norte,2026-05-01,19.09,20.38,22.97,28.16,29.56,30.86,2.1,53.0,-0.24,-0.22,uhi_verano+invierno,2026-05-01T06:15:04
norte,2026-05-02,14.29,16.73,19.08,21.86,23.01,25.25,21.3,63.0,-0.24,-0.22,uhi_verano+invierno,2026-05-01T06:15:04
norte,2026-05-03,10.18,12.08,13.68,19.17,21.06,22.86,0.0,3.0,-0.24,-0.22,uhi_verano+invierno,2026-05-01T06:15:04
norte,2026-05-04,13.69,16.63,19.58,23.09,25.11,27.36,0.0,3.0,-0.24,-0.22,uhi_verano+invierno,2026-05-01T06:15:04
norte,2026-05-05,17.89,20.43,22.78,29.46,30.36,31.35,0.0,3.0,-0.24,-0.22,uhi_verano+invierno,2026-05-01T06:15:04
norte,2026-05-06,18.88,21.88,25.18,25.97,27.36,31.06,0.0,3.0,-0.24,-0.22,uhi_verano+invierno,2026-05-01T06:15:04
norte,2026-05-07,16.41,21.08,25.06,25.18,26.96,30.45,2.3,3.0,-0.24,-0.22,uhi_verano+invierno,2026-05-01T06:15:04
norte,2026-05-08,10.18,13.93,19.98,16.47,21.91,29.12,8.35,,-0.24,-0.22,uhi_verano+invierno,2026-05-01T06:15:04
norte,2026-05-09,7.32,10.83,16.55,14.22,17.86,24.05,0.55,,-0.24,-0.22,uhi_verano+invierno,2026-05-01T06:15:04
norte,2026-05-10,5.01,8.93,14.16,13.77,16.66,21.18,0.02,,-0.24,-0.22,uhi_verano+invierno,2026-05-01T06:15:04
norte,2026-05-11,4.28,7.53,13.43,13.69,17.66,21.51,0.0,,-0.24,-0.22,uhi_verano+invierno,2026-05-01T06:15:04
norte,2026-05-12,4.39,6.88,14.03,15.78,19.56,23.44,0.0,,-0.24,-0.22,uhi_verano+invierno,2026-05-01T06:15:04
norte,2026-05-13,5.1,9.88,17.76,17.16,20.71,26.3,0.0,,-0.24,-0.22,uhi_verano+invierno,2026-05-01T06:15:04
norte,2026-05-14,6.99,11.18,18.15,16.54,21.16,27.15,0.0,,-0.24,-0.22,uhi_verano+invierno,2026-05-01T06:15:04
nu_pora,2026-05-01,19.56,20.85,23.44,29.45,30.85,32.15,2.1,53.0,1.05,0.25,uhi_verano+invierno,2026-05-01T06:15:04
nu_pora,2026-05-02,14.76,17.2,19.55,23.15,24.3,26.54,21.3,63.0,1.05,0.25,uhi_verano+invierno,2026-05-01T06:15:04
nu_pora,2026-05-03,10.65,12.55,14.15,20.46,22.35,24.15,0.0,3.0,1.05,0.25,uhi_verano+invierno,2026-05-01T06:15:04
nu_pora,2026-05-04,14.16,17.1,20.05,24.38,26.4,28.65,0.0,3.0,1.05,0.25,uhi_verano+invierno,2026-05-01T06:15:04
nu_pora,2026-05-05,18.36,20.9,23.25,30.75,31.65,32.64,0.0,3.0,1.05,0.25,uhi_verano+invierno,2026-05-01T06:15:04
nu_pora,2026-05-06,19.35,22.35,25.65,27.26,28.65,32.35,0.0,3.0,1.05,0.25,uhi_verano+invierno,2026-05-01T06:15:04
nu_pora,2026-05-07,16.88,21.55,25.53,26.47,28.25,31.74,2.3,3.0,1.05,0.25,uhi_verano+invierno,2026-05-01T06:15:04
nu_pora,2026-05-08,10.65,14.4,20.45,17.76,23.2,30.41,8.35,,1.05,0.25,uhi_verano+invierno,2026-05-01T06:15:04
nu_pora,2026-05-09,7.79,11.3,17.02,15.51,19.15,25.34,0.55,,1.05,0.25,uhi_verano+invierno,2026-05-01T06:15:04
nu_pora,2026-05-10,5.48,9.4,14.63,15.06,17.95,22.47,0.02,,1.05,0.25,uhi_verano+invierno,2026-05-01T06:15:04
nu_pora,2026-05-11,4.75,8.0,13.9,14.98,18.95,22.8,0.0,,1.05,0.25,uhi_verano+invierno,2026-05-01T06:15:04
nu_pora,2026-05-12,4.86,7.35,14.5,17.07,20.85,24.73,0.0,,1.05,0.25,uhi_verano+invierno,2026-05-01T06:15:04
nu_pora,2026-05-13,5.57,10.35,18.23,18.45,22.0,27.59,0.0,,1.05,0.25,uhi_verano+invierno,2026-05-01T06:15:04
nu_pora,2026-05-14,7.46,11.65,18.62,17.83,22.45,28.44,0.0,,1.05,0.25,uhi_verano+invierno,2026-05-01T06:15:04
rocamora,2026-05-01,19.47,20.76,23.35,29.98,31.38,32.68,2.1,53.0,1.58,0.16,uhi_verano+invierno,2026-05-01T06:15:04
rocamora,2026-05-02,14.67,17.11,19.46,23.68,24.83,27.07,21.3,63.0,1.58,0.16,uhi_verano+invierno,2026-05-01T06:15:04
rocamora,2026-05-03,10.56,12.46,14.06,20.99,22.88,24.68,0.0,3.0,1.58,0.16,uhi_verano+invierno,2026-05-01T06:15:04
rocamora,2026-05-04,14.07,17.01,19.96,24.91,26.93,29.18,0.0,3.0,1.58,0.16,uhi_verano+invierno,2026-05-01T06:15:04
rocamora,2026-05-05,18.27,20.81,23.16,31.28,32.18,33.17,0.0,3.0,1.58,0.16,uhi_verano+invierno,2026-05-01T06:15:04
rocamora,2026-05-06,19.26,22.26,25.56,27.79,29.18,32.88,0.0,3.0,1.58,0.16,uhi_verano+invierno,2026-05-01T06:15:04
rocamora,2026-05-07,16.79,21.46,25.44,27.0,28.78,32.27,2.3,3.0,1.58,0.16,uhi_verano+invierno,2026-05-01T06:15:04
rocamora,2026-05-08,10.56,14.31,20.36,18.29,23.73,30.94,8.35,,1.58,0.16,uhi_verano+invierno,2026-05-01T06:15:04
rocamora,2026-05-09,7.7,11.21,16.93,16.04,19.68,25.87,0.55,,1.58,0.16,uhi_verano+invierno,2026-05-01T06:15:04
rocamora,2026-05-10,5.39,9.31,14.54,15.59,18.48,23.0,0.02,,1.58,0.16,uhi_verano+invierno,2026-05-01T06:15:04
rocamora,2026-05-11,4.66,7.91,13.81,15.51,19.48,23.33,0.0,,1.58,0.16,uhi_verano+invierno,2026-05-01T06:15:04
rocamora,2026-05-12,4.77,7.26,14.41,17.6,21.38,25.26,0.0,,1.58,0.16,uhi_verano+invierno,2026-05-01T06:15:04
rocamora,2026-05-13,5.48,10.26,18.14,18.98,22.53,28.12,0.0,,1.58,0.16,uhi_verano+invierno,2026-05-01T06:15:04
rocamora,2026-05-14,7.37,11.56,18.53,18.36,22.98,28.97,0.0,,1.58,0.16,uhi_verano+invierno,2026-05-01T06:15:04
san_isidro,2026-05-01,19.7,20.99,23.58,30.34,31.74,33.04,2.1,53.0,1.94,0.39,uhi_verano+invierno,2026-05-01T06:15:04
san_isidro,2026-05-02,14.9,17.34,19.69,24.04,25.19,27.43,21.3,63.0,1.94,0.39,uhi_verano+invierno,2026-05-01T06:15:04
san_isidro,2026-05-03,10.79,12.69,14.29,21.35,23.24,25.04,0.0,3.0,1.94,0.39,uhi_verano+invierno,2026-05-01T06:15:04
san_isidro,2026-05-04,14.3,17.24,20.19,25.27,27.29,29.54,0.0,3.0,1.94,0.39,uhi_verano+invierno,2026-05-01T06:15:04
san_isidro,2026-05-05,18.5,21.04,23.39,31.64,32.54,33.53,0.0,3.0,1.94,0.39,uhi_verano+invierno,2026-05-01T06:15:04
san_isidro,2026-05-06,19.49,22.49,25.79,28.15,29.54,33.24,0.0,3.0,1.94,0.39,uhi_verano+invierno,2026-05-01T06:15:04
san_isidro,2026-05-07,17.02,21.69,25.67,27.36,29.14,32.63,2.3,3.0,1.94,0.39,uhi_verano+invierno,2026-05-01T06:15:04
san_isidro,2026-05-08,10.79,14.54,20.59,18.65,24.09,31.3,8.35,,1.94,0.39,uhi_verano+invierno,2026-05-01T06:15:04
san_isidro,2026-05-09,7.93,11.44,17.16,16.4,20.04,26.23,0.55,,1.94,0.39,uhi_verano+invierno,2026-05-01T06:15:04
san_isidro,2026-05-10,5.62,9.54,14.77,15.95,18.84,23.36,0.02,,1.94,0.39,uhi_verano+invierno,2026-05-01T06:15:04
san_isidro,2026-05-11,4.89,8.14,14.04,15.87,19.84,23.69,0.0,,1.94,0.39,uhi_verano+invierno,2026-05-01T06:15:04
san_isidro,2026-05-12,5.0,7.49,14.64,17.96,21.74,25.62,0.0,,1.94,0.39,uhi_verano+invierno,2026-05-01T06:15:04
san_isidro,2026-05-13,5.71,10.49,18.37,19.34,22.89,28.48,0.0,,1.94,0.39,uhi_verano+invierno,2026-05-01T06:15:04
san_isidro,2026-05-14,7.6,11.79,18.76,18.72,23.34,29.33,0.0,,1.94,0.39,uhi_verano+invierno,2026-05-01T06:15:04
san_jorge,2026-05-01,19.31,20.6,23.19,28.4,29.8,31.1,2.1,53.0,0.0,0.0,ninguno,2026-05-01T06:15:04
san_jorge,2026-05-02,14.51,16.95,19.3,22.1,23.25,25.49,21.3,63.0,0.0,0.0,ninguno,2026-05-01T06:15:04
san_jorge,2026-05-03,10.4,12.3,13.9,19.41,21.3,23.1,0.0,3.0,0.0,0.0,ninguno,2026-05-01T06:15:04
san_jorge,2026-05-04,13.91,16.85,19.8,23.33,25.35,27.6,0.0,3.0,0.0,0.0,ninguno,2026-05-01T06:15:04
san_jorge,2026-05-05,18.11,20.65,23.0,29.7,30.6,31.59,0.0,3.0,0.0,0.0,ninguno,2026-05-01T06:15:04
san_jorge,2026-05-06,19.1,22.1,25.4,26.21,27.6,31.3,0.0,3.0,0.0,0.0,ninguno,2026-05-01T06:15:04
san_jorge,2026-05-07,16.63,21.3,25.28,25.42,27.2,30.69,2.3,3.0,0.0,0.0,ninguno,2026-05-01T06:15:04
san_jorge,2026-05-08,10.4,14.15,20.2,16.71,22.15,29.36,8.35,,0.0,0.0,ninguno,2026-05-01T06:15:04
san_jorge,2026-05-09,7.54,11.05,16.77,14.46,18.1,24.29,0.55,,0.0,0.0,ninguno,2026-05-01T06:15:04
san_jorge,2026-05-10,5.23,9.15,14.38,14.01,16.9,21.42,0.02,,0.0,0.0,ninguno,2026-05-01T06:15:04
san_jorge,2026-05-11,4.5,7.75,13.65,13.93,17.9,21.75,0.0,,0.0,0.0,ninguno,2026-05-01T06:15:04
san_jorge,2026-05-12,4.61,7.1,14.25,16.02,19.8,23.68,0.0,,0.0,0.0,ninguno,2026-05-01T06:15:04
san_jorge,2026-05-13,5.32,10.1,17.98,17.4,20.95,26.54,0.0,,0.0,0.0,ninguno,2026-05-01T06:15:04
san_jorge,2026-05-14,7.21,11.4,18.37,16.78,21.4,27.39,0.0,,0.0,0.0,ninguno,2026-05-01T06:15:04
san_lucas,2026-05-01,19.34,20.63,23.22,29.36,30.76,32.06,2.1,53.0,0.96,0.03,uhi_verano+invierno,2026-05-01T06:15:04
san_lucas,2026-05-02,14.54,16.98,19.33,23.06,24.21,26.45,21.3,63.0,0.96,0.03,uhi_verano+invierno,2026-05-01T06:15:04
san_lucas,2026-05-03,10.43,12.33,13.93,20.37,22.26,24.06,0.0,3.0,0.96,0.03,uhi_verano+invierno,2026-05-01T06:15:04
san_lucas,2026-05-04,13.94,16.88,19.83,24.29,26.31,28.56,0.0,3.0,0.96,0.03,uhi_verano+invierno,2026-05-01T06:15:04
san_lucas,2026-05-05,18.14,20.68,23.03,30.66,31.56,32.55,0.0,3.0,0.96,0.03,uhi_verano+invierno,2026-05-01T06:15:04
san_lucas,2026-05-06,19.13,22.13,25.43,27.17,28.56,32.26,0.0,3.0,0.96,0.03,uhi_verano+invierno,2026-05-01T06:15:04
san_lucas,2026-05-07,16.66,21.33,25.31,26.38,28.16,31.65,2.3,3.0,0.96,0.03,uhi_verano+invierno,2026-05-01T06:15:04
san_lucas,2026-05-08,10.43,14.18,20.23,17.67,23.11,30.32,8.35,,0.96,0.03,uhi_verano+invierno,2026-05-01T06:15:04
san_lucas,2026-05-09,7.57,11.08,16.8,15.42,19.06,25.25,0.55,,0.96,0.03,uhi_verano+invierno,2026-05-01T06:15:04
san_lucas,2026-05-10,5.26,9.18,14.41,14.97,17.86,22.38,0.02,,0.96,0.03,uhi_verano+invierno,2026-05-01T06:15:04
san_lucas,2026-05-11,4.53,7.78,13.68,14.89,18.86,22.71,0.0,,0.96,0.03,uhi_verano+invierno,2026-05-01T06:15:04
san_lucas,2026-05-12,4.64,7.13,14.28,16.98,20.76,24.64,0.0,,0.96,0.03,uhi_verano+invierno,2026-05-01T06:15:04
san_lucas,2026-05-13,5.35,10.13,18.01,18.36,21.91,27.5,0.0,,0.96,0.03,uhi_verano+invierno,2026-05-01T06:15:04
san_lucas,2026-05-14,7.24,11.43,18.4,17.74,22.36,28.35,0.0,,0.96,0.03,uhi_verano+invierno,2026-05-01T06:15:04
san_marcos,2026-05-01,19.19,20.48,23.07,29.01,30.41,31.71,2.1,53.0,0.61,-0.12,uhi_verano+invierno,2026-05-01T06:15:04
san_marcos,2026-05-02,14.39,16.83,19.18,22.71,23.86,26.1,21.3,63.0,0.61,-0.12,uhi_verano+invierno,2026-05-01T06:15:04
san_marcos,2026-05-03,10.28,12.18,13.78,20.02,21.91,23.71,0.0,3.0,0.61,-0.12,uhi_verano+invierno,2026-05-01T06:15:04
san_marcos,2026-05-04,13.79,16.73,19.68,23.94,25.96,28.21,0.0,3.0,0.61,-0.12,uhi_verano+invierno,2026-05-01T06:15:04
san_marcos,2026-05-05,17.99,20.53,22.88,30.31,31.21,32.2,0.0,3.0,0.61,-0.12,uhi_verano+invierno,2026-05-01T06:15:04
san_marcos,2026-05-06,18.98,21.98,25.28,26.82,28.21,31.91,0.0,3.0,0.61,-0.12,uhi_verano+invierno,2026-05-01T06:15:04
san_marcos,2026-05-07,16.51,21.18,25.16,26.03,27.81,31.3,2.3,3.0,0.61,-0.12,uhi_verano+invierno,2026-05-01T06:15:04
san_marcos,2026-05-08,10.28,14.03,20.08,17.32,22.76,29.97,8.35,,0.61,-0.12,uhi_verano+invierno,2026-05-01T06:15:04
san_marcos,2026-05-09,7.42,10.93,16.65,15.07,18.71,24.9,0.55,,0.61,-0.12,uhi_verano+invierno,2026-05-01T06:15:04
san_marcos,2026-05-10,5.11,9.03,14.26,14.62,17.51,22.03,0.02,,0.61,-0.12,uhi_verano+invierno,2026-05-01T06:15:04
san_marcos,2026-05-11,4.38,7.63,13.53,14.54,18.51,22.36,0.0,,0.61,-0.12,uhi_verano+invierno,2026-05-01T06:15:04
san_marcos,2026-05-12,4.49,6.98,14.13,16.63,20.41,24.29,0.0,,0.61,-0.12,uhi_verano+invierno,2026-05-01T06:15:04
san_marcos,2026-05-13,5.2,9.98,17.86,18.01,21.56,27.15,0.0,,0.61,-0.12,uhi_verano+invierno,2026-05-01T06:15:04
san_marcos,2026-05-14,7.09,11.28,18.25,17.39,22.01,28.0,0.0,,0.61,-0.12,uhi_verano+invierno,2026-05-01T06:15:04
san_martin,2026-05-01,19.39,20.68,23.27,29.96,31.36,32.66,2.1,53.0,1.56,0.08,uhi_verano+invierno,2026-05-01T06:15:04
san_martin,2026-05-02,14.59,17.03,19.38,23.66,24.81,27.05,21.3,63.0,1.56,0.08,uhi_verano+invierno,2026-05-01T06:15:04
san_martin,2026-05-03,10.48,12.38,13.98,20.97,22.86,24.66,0.0,3.0,1.56,0.08,uhi_verano+invierno,2026-05-01T06:15:04
san_martin,2026-05-04,13.99,16.93,19.88,24.89,26.91,29.16,0.0,3.0,1.56,0.08,uhi_verano+invierno,2026-05-01T06:15:04
san_martin,2026-05-05,18.19,20.73,23.08,31.26,32.16,33.15,0.0,3.0,1.56,0.08,uhi_verano+invierno,2026-05-01T06:15:04
san_martin,2026-05-06,19.18,22.18,25.48,27.77,29.16,32.86,0.0,3.0,1.56,0.08,uhi_verano+invierno,2026-05-01T06:15:04
san_martin,2026-05-07,16.71,21.38,25.36,26.98,28.76,32.25,2.3,3.0,1.56,0.08,uhi_verano+invierno,2026-05-01T06:15:04
san_martin,2026-05-08,10.48,14.23,20.28,18.27,23.71,30.92,8.35,,1.56,0.08,uhi_verano+invierno,2026-05-01T06:15:04
san_martin,2026-05-09,7.62,11.13,16.85,16.02,19.66,25.85,0.55,,1.56,0.08,uhi_verano+invierno,2026-05-01T06:15:04
san_martin,2026-05-10,5.31,9.23,14.46,15.57,18.46,22.98,0.02,,1.56,0.08,uhi_verano+invierno,2026-05-01T06:15:04
san_martin,2026-05-11,4.58,7.83,13.73,15.49,19.46,23.31,0.0,,1.56,0.08,uhi_verano+invierno,2026-05-01T06:15:04
san_martin,2026-05-12,4.69,7.18,14.33,17.58,21.36,25.24,0.0,,1.56,0.08,uhi_verano+invierno,2026-05-01T06:15:04
san_martin,2026-05-13,5.4,10.18,18.06,18.96,22.51,28.1,0.0,,1.56,0.08,uhi_verano+invierno,2026-05-01T06:15:04
san_martin,2026-05-14,7.29,11.48,18.45,18.34,22.96,28.95,0.0,,1.56,0.08,uhi_verano+invierno,2026-05-01T06:15:04
santa_helena,2026-05-01,19.77,21.06,23.65,29.67,31.07,32.37,2.1,53.0,1.27,0.46,uhi_verano+invierno,2026-05-01T06:15:04
santa_helena,2026-05-02,14.97,17.41,19.76,23.37,24.52,26.76,21.3,63.0,1.27,0.46,uhi_verano+invierno,2026-05-01T06:15:04
santa_helena,2026-05-03,10.86,12.76,14.36,20.68,22.57,24.37,0.0,3.0,1.27,0.46,uhi_verano+invierno,2026-05-01T06:15:04
santa_helena,2026-05-04,14.37,17.31,20.26,24.6,26.62,28.87,0.0,3.0,1.27,0.46,uhi_verano+invierno,2026-05-01T06:15:04
santa_helena,2026-05-05,18.57,21.11,23.46,30.97,31.87,32.86,0.0,3.0,1.27,0.46,uhi_verano+invierno,2026-05-01T06:15:04
santa_helena,2026-05-06,19.56,22.56,25.86,27.48,28.87,32.57,0.0,3.0,1.27,0.46,uhi_verano+invierno,2026-05-01T06:15:04
santa_helena,2026-05-07,17.09,21.76,25.74,26.69,28.47,31.96,2.3,3.0,1.27,0.46,uhi_verano+invierno,2026-05-01T06:15:04
santa_helena,2026-05-08,10.86,14.61,20.66,17.98,23.42,30.63,8.35,,1.27,0.46,uhi_verano+invierno,2026-05-01T06:15:04
santa_helena,2026-05-09,8.0,11.51,17.23,15.73,19.37,25.56,0.55,,1.27,0.46,uhi_verano+invierno,2026-05-01T06:15:04
santa_helena,2026-05-10,5.69,9.61,14.84,15.28,18.17,22.69,0.02,,1.27,0.46,uhi_verano+invierno,2026-05-01T06:15:04
santa_helena,2026-05-11,4.96,8.21,14.11,15.2,19.17,23.02,0.0,,1.27,0.46,uhi_verano+invierno,2026-05-01T06:15:04
santa_helena,2026-05-12,5.07,7.56,14.71,17.29,21.07,24.95,0.0,,1.27,0.46,uhi_verano+invierno,2026-05-01T06:15:04
santa_helena,2026-05-13,5.78,10.56,18.44,18.67,22.22,27.81,0.0,,1.27,0.46,uhi_verano+invierno,2026-05-01T06:15:04
santa_helena,2026-05-14,7.67,11.86,18.83,18.05,22.67,28.66,0.0,,1.27,0.46,uhi_verano+invierno,2026-05-01T06:15:04
santa_rita,2026-05-01,19.36,20.65,23.24,29.69,31.09,32.39,2.1,53.0,1.29,0.05,uhi_verano+invierno,2026-05-01T06:15:04
santa_rita,2026-05-02,14.56,17.0,19.35,23.39,24.54,26.78,21.3,63.0,1.29,0.05,uhi_verano+invierno,2026-05-01T06:15:04
santa_rita,2026-05-03,10.45,12.35,13.95,20.7,22.59,24.39,0.0,3.0,1.29,0.05,uhi_verano+invierno,2026-05-01T06:15:04
santa_rita,2026-05-04,13.96,16.9,19.85,24.62,26.64,28.89,0.0,3.0,1.29,0.05,uhi_verano+invierno,2026-05-01T06:15:04
santa_rita,2026-05-05,18.16,20.7,23.05,30.99,31.89,32.88,0.0,3.0,1.29,0.05,uhi_verano+invierno,2026-05-01T06:15:04
santa_rita,2026-05-06,19.15,22.15,25.45,27.5,28.89,32.59,0.0,3.0,1.29,0.05,uhi_verano+invierno,2026-05-01T06:15:04
santa_rita,2026-05-07,16.68,21.35,25.33,26.71,28.49,31.98,2.3,3.0,1.29,0.05,uhi_verano+invierno,2026-05-01T06:15:04
santa_rita,2026-05-08,10.45,14.2,20.25,18.0,23.44,30.65,8.35,,1.29,0.05,uhi_verano+invierno,2026-05-01T06:15:04
santa_rita,2026-05-09,7.59,11.1,16.82,15.75,19.39,25.58,0.55,,1.29,0.05,uhi_verano+invierno,2026-05-01T06:15:04
santa_rita,2026-05-10,5.28,9.2,14.43,15.3,18.19,22.71,0.02,,1.29,0.05,uhi_verano+invierno,2026-05-01T06:15:04
santa_rita,2026-05-11,4.55,7.8,13.7,15.22,19.19,23.04,0.0,,1.29,0.05,uhi_verano+invierno,2026-05-01T06:15:04
santa_rita,2026-05-12,4.66,7.15,14.3,17.31,21.09,24.97,0.0,,1.29,0.05,uhi_verano+invierno,2026-05-01T06:15:04
santa_rita,2026-05-13,5.37,10.15,18.03,18.69,22.24,27.83,0.0,,1.29,0.05,uhi_verano+invierno,2026-05-01T06:15:04
santa_rita,2026-05-14,7.26,11.45,18.42,18.07,22.69,28.68,0.0,,1.29,0.05,uhi_verano+invierno,2026-05-01T06:15:04
villa_bonita,2026-05-01,19.64,20.93,23.52,29.54,30.94,32.24,2.1,53.0,1.14,0.33,uhi_verano+invierno,2026-05-01T06:15:04
villa_bonita,2026-05-02,14.84,17.28,19.63,23.24,24.39,26.63,21.3,63.0,1.14,0.33,uhi_verano+invierno,2026-05-01T06:15:04
villa_bonita,2026-05-03,10.73,12.63,14.23,20.55,22.44,24.24,0.0,3.0,1.14,0.33,uhi_verano+invierno,2026-05-01T06:15:04
villa_bonita,2026-05-04,14.24,17.18,20.13,24.47,26.49,28.74,0.0,3.0,1.14,0.33,uhi_verano+invierno,2026-05-01T06:15:04
villa_bonita,2026-05-05,18.44,20.98,23.33,30.84,31.74,32.73,0.0,3.0,1.14,0.33,uhi_verano+invierno,2026-05-01T06:15:04
villa_bonita,2026-05-06,19.43,22.43,25.73,27.35,28.74,32.44,0.0,3.0,1.14,0.33,uhi_verano+invierno,2026-05-01T06:15:04
villa_bonita,2026-05-07,16.96,21.63,25.61,26.56,28.34,31.83,2.3,3.0,1.14,0.33,uhi_verano+invierno,2026-05-01T06:15:04
villa_bonita,2026-05-08,10.73,14.48,20.53,17.85,23.29,30.5,8.35,,1.14,0.33,uhi_verano+invierno,2026-05-01T06:15:04
villa_bonita,2026-05-09,7.87,11.38,17.1,15.6,19.24,25.43,0.55,,1.14,0.33,uhi_verano+invierno,2026-05-01T06:15:04
villa_bonita,2026-05-10,5.56,9.48,14.71,15.15,18.04,22.56,0.02,,1.14,0.33,uhi_verano+invierno,2026-05-01T06:15:04
villa_bonita,2026-05-11,4.83,8.08,13.98,15.07,19.04,22.89,0.0,,1.14,0.33,uhi_verano+invierno,2026-05-01T06:15:04
villa_bonita,2026-05-12,4.94,7.43,14.58,17.16,20.94,24.82,0.0,,1.14,0.33,uhi_verano+invierno,2026-05-01T06:15:04
villa_bonita,2026-05-13,5.65,10.43,18.31,18.54,22.09,27.68,0.0,,1.14,0.33,uhi_verano+invierno,2026-05-01T06:15:04
villa_bonita,2026-05-14,7.54,11.73,18.7,17.92,22.54,28.53,0.0,,1.14,0.33,uhi_verano+invierno,2026-05-01T06:15:04
villa_cabello,2026-05-01,19.46,20.75,23.34,29.01,30.41,31.71,2.1,53.0,0.61,0.15,uhi_verano+invierno,2026-05-01T06:15:04
villa_cabello,2026-05-02,14.66,17.1,19.45,22.71,23.86,26.1,21.3,63.0,0.61,0.15,uhi_verano+invierno,2026-05-01T06:15:04
villa_cabello,2026-05-03,10.55,12.45,14.05,20.02,21.91,23.71,0.0,3.0,0.61,0.15,uhi_verano+invierno,2026-05-01T06:15:04
villa_cabello,2026-05-04,14.06,17.0,19.95,23.94,25.96,28.21,0.0,3.0,0.61,0.15,uhi_verano+invierno,2026-05-01T06:15:04
villa_cabello,2026-05-05,18.26,20.8,23.15,30.31,31.21,32.2,0.0,3.0,0.61,0.15,uhi_verano+invierno,2026-05-01T06:15:04
villa_cabello,2026-05-06,19.25,22.25,25.55,26.82,28.21,31.91,0.0,3.0,0.61,0.15,uhi_verano+invierno,2026-05-01T06:15:04
villa_cabello,2026-05-07,16.78,21.45,25.43,26.03,27.81,31.3,2.3,3.0,0.61,0.15,uhi_verano+invierno,2026-05-01T06:15:04
villa_cabello,2026-05-08,10.55,14.3,20.35,17.32,22.76,29.97,8.35,,0.61,0.15,uhi_verano+invierno,2026-05-01T06:15:04
villa_cabello,2026-05-09,7.69,11.2,16.92,15.07,18.71,24.9,0.55,,0.61,0.15,uhi_verano+invierno,2026-05-01T06:15:04
villa_cabello,2026-05-10,5.38,9.3,14.53,14.62,17.51,22.03,0.02,,0.61,0.15,uhi_verano+invierno,2026-05-01T06:15:04
villa_cabello,2026-05-11,4.65,7.9,13.8,14.54,18.51,22.36,0.0,,0.61,0.15,uhi_verano+invierno,2026-05-01T06:15:04
villa_cabello,2026-05-12,4.76,7.25,14.4,16.63,20.41,24.29,0.0,,0.61,0.15,uhi_verano+invierno,2026-05-01T06:15:04
villa_cabello,2026-05-13,5.47,10.25,18.13,18.01,21.56,27.15,0.0,,0.61,0.15,uhi_verano+invierno,2026-05-01T06:15:04
villa_cabello,2026-05-14,7.36,11.55,18.52,17.39,22.01,28.0,0.0,,0.61,0.15,uhi_verano+invierno,2026-05-01T06:15:04
villa_mola,2026-05-01,19.66,20.95,23.54,29.69,31.09,32.39,2.1,53.0,1.29,0.35,uhi_verano+invierno,2026-05-01T06:15:04
villa_mola,2026-05-02,14.86,17.3,19.65,23.39,24.54,26.78,21.3,63.0,1.29,0.35,uhi_verano+invierno,2026-05-01T06:15:04
villa_mola,2026-05-03,10.75,12.65,14.25,20.7,22.59,24.39,0.0,3.0,1.29,0.35,uhi_verano+invierno,2026-05-01T06:15:04
villa_mola,2026-05-04,14.26,17.2,20.15,24.62,26.64,28.89,0.0,3.0,1.29,0.35,uhi_verano+invierno,2026-05-01T06:15:04
villa_mola,2026-05-05,18.46,21.0,23.35,30.99,31.89,32.88,0.0,3.0,1.29,0.35,uhi_verano+invierno,2026-05-01T06:15:04
villa_mola,2026-05-06,19.45,22.45,25.75,27.5,28.89,32.59,0.0,3.0,1.29,0.35,uhi_verano+invierno,2026-05-01T06:15:04
villa_mola,2026-05-07,16.98,21.65,25.63,26.71,28.49,31.98,2.3,3.0,1.29,0.35,uhi_verano+invierno,2026-05-01T06:15:04
villa_mola,2026-05-08,10.75,14.5,20.55,18.0,23.44,30.65,8.35,,1.29,0.35,uhi_verano+invierno,2026-05-01T06:15:04
villa_mola,2026-05-09,7.89,11.4,17.12,15.75,19.39,25.58,0.55,,1.29,0.35,uhi_verano+invierno,2026-05-01T06:15:04
villa_mola,2026-05-10,5.58,9.5,14.73,15.3,18.19,22.71,0.02,,1.29,0.35,uhi_verano+invierno,2026-05-01T06:15:04
villa_mola,2026-05-11,4.85,8.1,14.0,15.22,19.19,23.04,0.0,,1.29,0.35,uhi_verano+invierno,2026-05-01T06:15:04
villa_mola,2026-05-12,4.96,7.45,14.6,17.31,21.09,24.97,0.0,,1.29,0.35,uhi_verano+invierno,2026-05-01T06:15:04
villa_mola,2026-05-13,5.67,10.45,18.33,18.69,22.24,27.83,0.0,,1.29,0.35,uhi_verano+invierno,2026-05-01T06:15:04
villa_mola,2026-05-14,7.56,11.75,18.72,18.07,22.69,28.68,0.0,,1.29,0.35,uhi_verano+invierno,2026-05-01T06:15:04
villa_sarita,2026-05-01,19.33,20.62,23.21,29.56,30.96,32.26,2.1,53.0,1.16,0.02,uhi_verano+invierno,2026-05-01T06:15:04
villa_sarita,2026-05-02,14.53,16.97,19.32,23.26,24.41,26.65,21.3,63.0,1.16,0.02,uhi_verano+invierno,2026-05-01T06:15:04
villa_sarita,2026-05-03,10.42,12.32,13.92,20.57,22.46,24.26,0.0,3.0,1.16,0.02,uhi_verano+invierno,2026-05-01T06:15:04
villa_sarita,2026-05-04,13.93,16.87,19.82,24.49,26.51,28.76,0.0,3.0,1.16,0.02,uhi_verano+invierno,2026-05-01T06:15:04
villa_sarita,2026-05-05,18.13,20.67,23.02,30.86,31.76,32.75,0.0,3.0,1.16,0.02,uhi_verano+invierno,2026-05-01T06:15:04
villa_sarita,2026-05-06,19.12,22.12,25.42,27.37,28.76,32.46,0.0,3.0,1.16,0.02,uhi_verano+invierno,2026-05-01T06:15:04
villa_sarita,2026-05-07,16.65,21.32,25.3,26.58,28.36,31.85,2.3,3.0,1.16,0.02,uhi_verano+invierno,2026-05-01T06:15:04
villa_sarita,2026-05-08,10.42,14.17,20.22,17.87,23.31,30.52,8.35,,1.16,0.02,uhi_verano+invierno,2026-05-01T06:15:04
villa_sarita,2026-05-09,7.56,11.07,16.79,15.62,19.26,25.45,0.55,,1.16,0.02,uhi_verano+invierno,2026-05-01T06:15:04
villa_sarita,2026-05-10,5.25,9.17,14.4,15.17,18.06,22.58,0.02,,1.16,0.02,uhi_verano+invierno,2026-05-01T06:15:04
villa_sarita,2026-05-11,4.52,7.77,13.67,15.09,19.06,22.91,0.0,,1.16,0.02,uhi_verano+invierno,2026-05-01T06:15:04
villa_sarita,2026-05-12,4.63,7.12,14.27,17.18,20.96,24.84,0.0,,1.16,0.02,uhi_verano+invierno,2026-05-01T06:15:04
villa_sarita,2026-05-13,5.34,10.12,18.0,18.56,22.11,27.7,0.0,,1.16,0.02,uhi_verano+invierno,2026-05-01T06:15:04
villa_sarita,2026-05-14,7.23,11.42,18.39,17.94,22.56,28.55,0.0,,1.16,0.02,uhi_verano+invierno,2026-05-01T06:15:04
villa_urquiza,2026-05-01,19.49,20.78,23.37,29.88,31.28,32.58,2.1,53.0,1.48,0.18,uhi_verano+invierno,2026-05-01T06:15:04
villa_urquiza,2026-05-02,14.69,17.13,19.48,23.58,24.73,26.97,21.3,63.0,1.48,0.18,uhi_verano+invierno,2026-05-01T06:15:04
villa_urquiza,2026-05-03,10.58,12.48,14.08,20.89,22.78,24.58,0.0,3.0,1.48,0.18,uhi_verano+invierno,2026-05-01T06:15:04
villa_urquiza,2026-05-04,14.09,17.03,19.98,24.81,26.83,29.08,0.0,3.0,1.48,0.18,uhi_verano+invierno,2026-05-01T06:15:04
villa_urquiza,2026-05-05,18.29,20.83,23.18,31.18,32.08,33.07,0.0,3.0,1.48,0.18,uhi_verano+invierno,2026-05-01T06:15:04
villa_urquiza,2026-05-06,19.28,22.28,25.58,27.69,29.08,32.78,0.0,3.0,1.48,0.18,uhi_verano+invierno,2026-05-01T06:15:04
villa_urquiza,2026-05-07,16.81,21.48,25.46,26.9,28.68,32.17,2.3,3.0,1.48,0.18,uhi_verano+invierno,2026-05-01T06:15:04
villa_urquiza,2026-05-08,10.58,14.33,20.38,18.19,23.63,30.84,8.35,,1.48,0.18,uhi_verano+invierno,2026-05-01T06:15:04
villa_urquiza,2026-05-09,7.72,11.23,16.95,15.94,19.58,25.77,0.55,,1.48,0.18,uhi_verano+invierno,2026-05-01T06:15:04
villa_urquiza,2026-05-10,5.41,9.33,14.56,15.49,18.38,22.9,0.02,,1.48,0.18,uhi_verano+invierno,2026-05-01T06:15:04
villa_urquiza,2026-05-11,4.68,7.93,13.83,15.41,19.38,23.23,0.0,,1.48,0.18,uhi_verano+invierno,2026-05-01T06:15:04
villa_urquiza,2026-05-12,4.79,7.28,14.43,17.5,21.28,25.16,0.0,,1.48,0.18,uhi_verano+invierno,2026-05-01T06:15:04
villa_urquiza,2026-05-13,5.5,10.28,18.16,18.88,22.43,28.02,0.0,,1.48,0.18,uhi_verano+invierno,2026-05-01T06:15:04
villa_urquiza,2026-05-14,7.39,11.58,18.55,18.26,22.88,28.87,0.0,,1.48,0.18,uhi_verano+invierno,2026-05-01T06:15:04
yacyreta,2026-05-01,19.4,20.69,23.28,29.88,31.28,32.58,2.1,53.0,1.48,0.09,uhi_verano+invierno,2026-05-01T06:15:04
yacyreta,2026-05-02,14.6,17.04,19.39,23.58,24.73,26.97,21.3,63.0,1.48,0.09,uhi_verano+invierno,2026-05-01T06:15:04
yacyreta,2026-05-03,10.49,12.39,13.99,20.89,22.78,24.58,0.0,3.0,1.48,0.09,uhi_verano+invierno,2026-05-01T06:15:04
yacyreta,2026-05-04,14.0,16.94,19.89,24.81,26.83,29.08,0.0,3.0,1.48,0.09,uhi_verano+invierno,2026-05-01T06:15:04
yacyreta,2026-05-05,18.2,20.74,23.09,31.18,32.08,33.07,0.0,3.0,1.48,0.09,uhi_verano+invierno,2026-05-01T06:15:04
yacyreta,2026-05-06,19.19,22.19,25.49,27.69,29.08,32.78,0.0,3.0,1.48,0.09,uhi_verano+invierno,2026-05-01T06:15:04
yacyreta,2026-05-07,16.72,21.39,25.37,26.9,28.68,32.17,2.3,3.0,1.48,0.09,uhi_verano+invierno,2026-05-01T06:15:04
yacyreta,2026-05-08,10.49,14.24,20.29,18.19,23.63,30.84,8.35,,1.48,0.09,uhi_verano+invierno,2026-05-01T06:15:04
yacyreta,2026-05-09,7.63,11.14,16.86,15.94,19.58,25.77,0.55,,1.48,0.09,uhi_verano+invierno,2026-05-01T06:15:04
yacyreta,2026-05-10,5.32,9.24,14.47,15.49,18.38,22.9,0.02,,1.48,0.09,uhi_verano+invierno,2026-05-01T06:15:04
yacyreta,2026-05-11,4.59,7.84,13.74,15.41,19.38,23.23,0.0,,1.48,0.09,uhi_verano+invierno,2026-05-01T06:15:04
yacyreta,2026-05-12,4.7,7.19,14.34,17.5,21.28,25.16,0.0,,1.48,0.09,uhi_verano+invierno,2026-05-01T06:15:04
yacyreta,2026-05-13,5.41,10.19,18.07,18.88,22.43,28.02,0.0,,1.48,0.09,uhi_verano+invierno,2026-05-01T06:15:04
yacyreta,2026-05-14,7.3,11.49,18.46,18.26,22.88,28.87,0.0,,1.48,0.09,uhi_verano+invierno,2026-05-01T06:15:04
