poligono_id,anio,built_surface_m2,pop_estimada,pct_built,densidad_pop_km2,area_km2
a_3_2_sector_b,1975,44595.06,537.02,31.2323,3761.06,0.1428
a_3_2_sector_b,1980,46345.09,644.67,32.4579,4514.94,0.1428
a_3_2_sector_b,1985,48095.48,765.97,33.6838,5364.5,0.1428
a_3_2_sector_b,1990,49845.5,909.92,34.9094,6372.65,0.1428
a_3_2_sector_b,1995,53513.48,975.45,37.4783,6831.58,0.1428
a_3_2_sector_b,2000,57175.07,1040.31,40.0427,7285.81,0.1428
a_3_2_sector_b,2005,57698.58,1012.81,40.4094,7093.22,0.1428
a_3_2_sector_b,2010,58220.04,970.6,40.7746,6797.6,0.1428
a_3_2_sector_b,2015,58746.69,980.03,41.1434,6863.65,0.1428
a_3_2_sector_b,2020,59283.84,1014.32,41.5196,7103.78,0.1428
a_3_2_sector_b,2025,59283.84,1061.68,41.5196,7435.5,0.1428
a_3_2_sector_b,2030,59283.84,1100.65,41.5196,7708.41,0.1428
colonia_laosiana,1975,3223.77,14.48,1.3354,59.99,0.2414
colonia_laosiana,1980,3918.05,20.32,1.623,84.19,0.2414
colonia_laosiana,1985,4635.49,27.53,1.9202,114.06,0.2414
colonia_laosiana,1990,5342.57,36.38,2.2131,150.7,0.2414
colonia_laosiana,1995,5347.57,36.38,2.2152,150.68,0.2414
colonia_laosiana,2000,5351.57,36.35,2.2168,150.57,0.2414
colonia_laosiana,2005,5512.61,36.13,2.2835,149.65,0.2414
colonia_laosiana,2010,5676.1,35.34,2.3512,146.37,0.2414
colonia_laosiana,2015,5822.24,36.27,2.4118,150.25,0.2414
colonia_laosiana,2020,5923.2,37.88,2.4536,156.9,0.2414
colonia_laosiana,2025,5923.2,39.64,2.4536,164.22,0.2414
colonia_laosiana,2030,5923.2,41.1,2.4536,170.25,0.2414
san_jorge,1975,12001.12,113.68,7.8319,741.89,0.1532
san_jorge,1980,13828.84,154.69,9.0247,1009.52,0.1532
san_jorge,1985,15654.91,203.88,10.2164,1330.49,0.1532
san_jorge,1990,17482.8,264.47,11.4093,1725.93,0.1532
san_jorge,1995,25186.89,410.43,16.4369,2678.46,0.1532
san_jorge,2000,32905.13,555.58,21.4739,3625.72,0.1532
san_jorge,2005,39241.62,658.53,25.6091,4297.55,0.1532
san_jorge,2010,45577.05,741.79,29.7436,4840.93,0.1532
san_jorge,2015,50906.93,838.96,33.2218,5475.07,0.1532
san_jorge,2020,52225.77,878.86,34.0825,5735.41,0.1532
san_jorge,2025,52225.77,919.89,34.0825,6003.22,0.1532
san_jorge,2030,52225.77,952.59,34.0825,6216.57,0.1532
23_de_septiembre,1975,89488.46,911.2,35.2779,3592.1,0.2537
23_de_septiembre,1980,91786.87,1084.18,36.1839,4274.03,0.2537
23_de_septiembre,1985,94085.18,1277.49,37.09,5036.09,0.2537
23_de_septiembre,1990,96383.59,1505.75,37.9961,5935.93,0.2537
23_de_septiembre,1995,98044.28,1527.86,38.6507,6023.1,0.2537
23_de_septiembre,2000,99699.46,1549.28,39.3032,6107.54,0.2537
23_de_septiembre,2005,100197.85,1500.72,39.4997,5916.1,0.2537
23_de_septiembre,2010,100695.7,1431.07,39.696,5641.52,0.2537
23_de_septiembre,2015,101096.84,1436.67,39.8541,5663.59,0.2537
23_de_septiembre,2020,101109.93,1473.62,39.8593,5809.27,0.2537
23_de_septiembre,2025,101109.93,1542.43,39.8593,6080.54,0.2537
23_de_septiembre,2030,101109.93,1599.05,39.8593,6303.71,0.2537
villa_mola,1975,51886.48,726.42,14.3753,2012.56,0.3609
villa_mola,1980,54109.97,866.51,14.9913,2400.69,0.3609
villa_mola,1985,56353.82,1023.62,15.613,2835.98,0.3609
villa_mola,1990,58585.51,1209.22,16.2313,3350.18,0.3609
villa_mola,1995,60478.73,1237.09,16.7558,3427.39,0.3609
villa_mola,2000,62375.38,1264.33,17.2813,3502.87,0.3609
villa_mola,2005,63822.09,1235.76,17.6821,3423.71,0.3609
villa_mola,2010,65286.65,1188.96,18.0879,3294.06,0.3609
villa_mola,2015,67130.11,1206.67,18.5986,3343.11,0.3609
villa_mola,2020,69551.52,1255.67,19.2695,3478.88,0.3609
villa_mola,2025,69935.47,1316.77,19.3758,3648.15,0.3609
villa_mola,2030,70571.27,1369.33,19.552,3793.76,0.3609
san_marcos,1975,35574.38,452.93,10.1327,1290.09,0.3511
san_marcos,1980,37750.45,555.7,10.7525,1582.81,0.3511
san_marcos,1985,39931.54,673.61,11.3738,1918.66,0.3511
san_marcos,1990,42107.6,814.85,11.9936,2320.94,0.3511
san_marcos,1995,48327.45,933.11,13.7652,2657.79,0.3511
san_marcos,2000,54530.27,1050.38,15.532,2991.81,0.3511
san_marcos,2005,60954.69,1128.04,17.3618,3213.03,0.3511
san_marcos,2010,67592.04,1182.81,19.2524,3369.03,0.3511
san_marcos,2015,76264.41,1331.47,21.7225,3792.45,0.3511
san_marcos,2020,95186.37,1691.1,27.1121,4816.78,0.3511
san_marcos,2025,95186.37,1770.06,27.1121,5041.71,0.3511
san_marcos,2030,95186.37,1835.03,27.1121,5226.75,0.3511
las_dolores,1975,22104.85,199.44,4.0325,363.83,0.5482
las_dolores,1980,22579.25,234.34,4.119,427.49,0.5482
las_dolores,1985,23052.48,272.81,4.2053,497.67,0.5482
las_dolores,1990,23526.89,317.87,4.2919,579.88,0.5482
las_dolores,1995,28451.16,406.25,5.1902,741.1,0.5482
las_dolores,2000,33509.47,495.82,6.1129,904.5,0.5482
las_dolores,2005,51827.48,765.72,9.4546,1396.85,0.5482
las_dolores,2010,71235.59,1008.65,12.9951,1840.01,0.5482
las_dolores,2015,91274.84,1313.15,16.6507,2395.5,0.5482
las_dolores,2020,96917.62,1420.79,17.6801,2591.86,0.5482
las_dolores,2025,107105.62,1626.04,19.5387,2966.29,0.5482
las_dolores,2030,107105.62,1685.72,19.5387,3075.16,0.5482
el_palomar,1975,237971.07,3112.33,43.5877,5700.66,0.546
el_palomar,1980,238808.49,3611.21,43.7411,6614.43,0.546
el_palomar,1985,239648.22,4152.67,43.8949,7606.19,0.546
el_palomar,1990,240485.64,4780.3,44.0482,8755.78,0.546
el_palomar,1995,243072.02,4826.1,44.522,8839.67,0.546
el_palomar,2000,245644.21,4869.59,44.9931,8919.32,0.546
el_palomar,2005,246084.87,4705.6,45.0738,8618.95,0.546
el_palomar,2010,246526.54,4476.49,45.1547,8199.3,0.546
el_palomar,2015,246880.54,4485.36,45.2196,8215.56,0.546
el_palomar,2020,246886.76,4600.09,45.2207,8425.7,0.546
el_palomar,2025,246886.76,4814.89,45.2207,8819.14,0.546
el_palomar,2030,246886.76,4991.62,45.2207,9142.83,0.546
alta_gracia,1975,83986.67,1066.16,13.6647,1734.66,0.6146
alta_gracia,1980,88636.82,1301.89,14.4213,2118.2,0.6146
alta_gracia,1985,93274.04,1570.91,15.1758,2555.89,0.6146
alta_gracia,1990,97925.01,1893.07,15.9325,3080.06,0.6146
alta_gracia,1995,121866.61,2367.34,19.8279,3851.7,0.6146
alta_gracia,2000,145837.74,2840.16,23.728,4620.98,0.6146
alta_gracia,2005,160852.49,3024.87,26.1709,4921.51,0.6146
alta_gracia,2010,175860.55,3143.19,28.6127,5114.02,0.6146
alta_gracia,2015,190209.03,3401.74,30.9473,5534.68,0.6146
alta_gracia,2020,202090.15,3693.65,32.8803,6009.61,0.6146
alta_gracia,2025,202090.15,3866.12,32.8803,6290.23,0.6146
alta_gracia,2030,202090.15,4008.02,32.8803,6521.1,0.6146
santa_rita,1975,33076.27,428.51,5.6023,725.8,0.5904
santa_rita,1980,34259.43,513.1,5.8027,869.07,0.5904
santa_rita,1985,35451.62,608.35,6.0047,1030.41,0.5904
santa_rita,1990,36634.77,721.08,6.2051,1221.35,0.5904
santa_rita,1995,81837.76,1597.3,13.8614,2705.45,0.5904
santa_rita,2000,133337.99,2596.02,22.5843,4397.04,0.5904
santa_rita,2005,153235.28,2880.0,25.9545,4878.04,0.5904
santa_rita,2010,173132.13,3091.87,29.3245,5236.89,0.5904
santa_rita,2015,192315.17,3439.78,32.5737,5826.18,0.5904
santa_rita,2020,208604.17,3836.82,35.3326,6498.67,0.5904
santa_rita,2025,208604.17,4015.98,35.3326,6802.13,0.5904
santa_rita,2030,208604.17,4163.38,35.3326,7051.79,0.5904
san_martin,1975,184335.27,2270.86,28.1531,3468.24,0.6548
san_martin,1980,194343.18,2768.87,29.6816,4228.84,0.6548
san_martin,1985,204358.22,3337.24,31.2112,5096.89,0.6548
san_martin,1990,214366.13,4016.74,32.7397,6134.68,0.6548
san_martin,1995,233883.99,4376.81,35.7206,6684.61,0.6548
san_martin,2000,253368.69,4733.64,38.6965,7229.58,0.6548
san_martin,2005,256910.42,4629.48,39.2374,7070.51,0.6548
san_martin,2010,260443.51,4456.26,39.777,6805.96,0.6548
san_martin,2015,263978.46,4517.9,40.3169,6900.09,0.6548
san_martin,2020,267465.04,4689.28,40.8494,7161.85,0.6548
san_martin,2025,267465.04,4908.25,40.8494,7496.27,0.6548
san_martin,2030,267465.04,5088.4,40.8494,7771.41,0.6548
villa_sarita,1975,227475.51,3589.7,41.6955,6579.8,0.5456
villa_sarita,1980,228353.78,4166.76,41.8565,7637.52,0.5456
villa_sarita,1985,229229.92,4793.32,42.0171,8785.99,0.5456
villa_sarita,1990,230108.2,5519.95,42.1781,10117.88,0.5456
villa_sarita,1995,231844.56,5552.2,42.4963,10177.0,0.5456
villa_sarita,2000,233568.98,5581.93,42.8124,10231.49,0.5456
villa_sarita,2005,234104.74,5396.18,42.9106,9891.02,0.5456
villa_sarita,2010,234640.09,5135.49,43.0087,9413.18,0.5456
villa_sarita,2015,235248.14,5150.04,43.1202,9439.86,0.5456
villa_sarita,2020,236143.0,5295.7,43.2842,9706.84,0.5456
villa_sarita,2025,236143.0,5542.98,43.2842,10160.11,0.5456
villa_sarita,2030,236143.0,5746.43,43.2842,10533.02,0.5456
el_brete,1975,55637.98,856.54,12.3392,1899.61,0.4509
el_brete,1980,60768.45,1075.02,13.477,2384.14,0.4509
el_brete,1985,66291.09,1336.06,14.7018,2963.07,0.4509
el_brete,1990,71713.02,1649.73,15.9043,3658.72,0.4509
el_brete,1995,82804.47,1896.1,18.3641,4205.1,0.4509
el_brete,2000,94813.41,2159.38,21.0274,4789.01,0.4509
el_brete,2005,104899.31,2244.11,23.2642,4976.91,0.4509
el_brete,2010,115559.24,2288.66,25.6284,5075.71,0.4509
el_brete,2015,125597.36,2439.76,27.8546,5410.81,0.4509
el_brete,2020,131543.0,2587.4,29.1732,5738.26,0.4509
el_brete,2025,131543.0,2708.22,29.1732,6006.21,0.4509
el_brete,2030,131543.0,2807.62,29.1732,6226.66,0.4509
luis_piedrabuena,1975,79201.51,812.17,11.1208,1140.38,0.7122
luis_piedrabuena,1980,86535.0,1019.69,12.1505,1431.77,0.7122
luis_piedrabuena,1985,93882.44,1258.96,13.1822,1767.72,0.7122
luis_piedrabuena,1990,101222.93,1547.64,14.2129,2173.07,0.7122
luis_piedrabuena,1995,116646.88,1808.51,16.3786,2539.36,0.7122
luis_piedrabuena,2000,132900.92,2076.2,18.6608,2915.23,0.7122
luis_piedrabuena,2005,142626.03,2156.64,20.0264,3028.17,0.7122
luis_piedrabuena,2010,154207.99,2230.63,21.6526,3132.06,0.7122
luis_piedrabuena,2015,163934.11,2382.93,23.0183,3345.91,0.7122
luis_piedrabuena,2020,169228.76,2531.2,23.7617,3554.11,0.7122
luis_piedrabuena,2025,173471.76,2727.38,24.3575,3829.56,0.7122
luis_piedrabuena,2030,173471.76,2827.48,24.3575,3970.11,0.7122
san_lucas,1975,40592.51,506.61,7.0621,881.39,0.5748
san_lucas,1980,42650.17,616.01,7.4201,1071.71,0.5748
san_lucas,1985,44716.4,740.75,7.7796,1288.72,0.5748
san_lucas,1990,46774.07,889.54,8.1376,1547.58,0.5748
san_lucas,1995,69519.17,1313.67,12.0947,2285.47,0.5748
san_lucas,2000,93065.43,1750.09,16.1912,3044.73,0.5748
san_lucas,2005,112671.74,2031.2,19.6022,3533.81,0.5748
san_lucas,2010,132474.55,2257.93,23.0474,3928.26,0.5748
san_lucas,2015,150555.93,2559.82,26.1931,4453.48,0.5748
san_lucas,2020,162320.4,2826.05,28.2399,4916.65,0.5748
san_lucas,2025,162320.4,2958.01,28.2399,5146.24,0.5748
san_lucas,2030,162320.4,3066.58,28.2399,5335.12,0.5748
monsenor_kemerer,1975,81586.07,1114.9,13.2282,1807.67,0.6168
monsenor_kemerer,1980,88997.64,1410.46,14.4299,2286.9,0.6168
monsenor_kemerer,1985,96404.82,1755.36,15.6309,2846.11,0.6168
monsenor_kemerer,1990,103816.39,2173.36,16.8326,3523.85,0.6168
monsenor_kemerer,1995,124242.37,2607.67,20.1444,4228.03,0.6168
monsenor_kemerer,2000,146361.24,3074.7,23.7307,4985.26,0.6168
monsenor_kemerer,2005,159300.41,3229.27,25.8286,5235.88,0.6168
monsenor_kemerer,2010,173056.43,3332.89,28.059,5403.89,0.6168
monsenor_kemerer,2015,185373.15,3573.24,30.056,5793.58,0.6168
monsenor_kemerer,2020,196024.37,3871.64,31.783,6277.41,0.6168
monsenor_kemerer,2025,196024.37,4052.43,31.783,6570.53,0.6168
monsenor_kemerer,2030,196024.37,4201.17,31.783,6811.69,0.6168
rocamora,1975,179006.43,2160.08,35.4384,4276.36,0.5051
rocamora,1980,182817.59,2549.97,36.1929,5048.24,0.5051
rocamora,1985,186631.91,2982.17,36.948,5903.87,0.5051
rocamora,1990,190443.07,3489.92,37.7025,6909.1,0.5051
rocamora,1995,196148.69,3595.55,38.8321,7118.22,0.5051
rocamora,2000,201836.29,3698.62,39.9581,7322.26,0.5051
rocamora,2005,203570.91,3600.1,40.3015,7127.21,0.5051
rocamora,2010,205305.69,3449.44,40.6449,6828.95,0.5051
rocamora,2015,206724.87,3476.52,40.9259,6882.57,0.5051
rocamora,2020,206888.36,3568.28,40.9582,7064.22,0.5051
rocamora,2025,206888.36,3734.9,40.9582,7394.08,0.5051
rocamora,2030,206888.36,3871.98,40.9582,7665.47,0.5051
yacyreta,1975,123879.15,1488.53,19.6497,2361.1,0.6304
yacyreta,1980,131831.58,1832.79,20.9112,2907.18,0.6304
yacyreta,1985,139791.37,2228.41,22.1737,3534.7,0.6304
yacyreta,1990,147743.81,2703.27,23.4352,4287.94,0.6304
yacyreta,1995,168402.73,3087.02,26.7121,4896.63,0.6304
yacyreta,2000,189029.96,3467.92,29.984,5500.82,0.6304
yacyreta,2005,197452.5,3503.71,31.32,5557.59,0.6304
yacyreta,2010,205869.89,3477.65,32.6551,5516.26,0.6304
yacyreta,2015,217198.03,3674.41,34.452,5828.35,0.6304
yacyreta,2020,240139.95,4149.15,38.091,6581.39,0.6304
yacyreta,2025,240139.95,4342.89,38.091,6888.71,0.6304
yacyreta,2030,240139.95,4502.29,38.091,7141.55,0.6304
villa_urquiza,1975,246775.04,2803.03,32.9784,3745.9,0.7483
villa_urquiza,1980,251449.22,3299.48,33.6031,4409.34,0.7483
villa_urquiza,1985,256128.84,3848.11,34.2284,5142.52,0.7483
villa_urquiza,1990,260915.02,4492.39,34.8681,6003.52,0.7483
villa_urquiza,1995,268856.1,4620.06,35.9293,6174.14,0.7483
villa_urquiza,2000,276767.56,4745.09,36.9865,6341.23,0.7483
villa_urquiza,2005,280009.58,4621.88,37.4198,6176.57,0.7483
villa_urquiza,2010,283250.33,4431.49,37.8529,5922.13,0.7483
villa_urquiza,2015,286311.73,4473.85,38.262,5978.74,0.7483
villa_urquiza,2020,288652.21,4618.32,38.5748,6171.81,0.7483
villa_urquiza,2025,292055.91,4855.8,39.0296,6489.17,0.7483
villa_urquiza,2030,292078.28,5034.17,39.0326,6727.55,0.7483
complejo_habitacional_virgen_de_fatima,1975,27186.24,272.44,3.3991,340.62,0.7998
complejo_habitacional_virgen_de_fatima,1980,28585.92,327.63,3.5741,409.63,0.7998
complejo_habitacional_virgen_de_fatima,1985,29986.33,389.9,3.7492,487.49,0.7998
complejo_habitacional_virgen_de_fatima,1990,31386.02,463.88,3.9242,579.99,0.7998
complejo_habitacional_virgen_de_fatima,1995,32820.11,481.04,4.1035,601.44,0.7998
complejo_habitacional_virgen_de_fatima,2000,34247.24,497.84,4.2819,622.45,0.7998
complejo_habitacional_virgen_de_fatima,2005,109001.0,1772.45,13.6283,2216.08,0.7998
complejo_habitacional_virgen_de_fatima,2010,188065.0,2984.83,23.5135,3731.89,0.7998
complejo_habitacional_virgen_de_fatima,2015,265782.91,4231.31,33.2305,5290.36,0.7998
complejo_habitacional_virgen_de_fatima,2020,297261.02,4813.53,37.1662,6018.29,0.7998
complejo_habitacional_virgen_de_fatima,2025,299213.32,4981.05,37.4103,6227.74,0.7998
complejo_habitacional_virgen_de_fatima,2030,299216.05,5163.68,37.4106,6456.08,0.7998
a4_nueva_esperanza,1975,13348.18,173.55,2.3406,304.33,0.5703
a4_nueva_esperanza,1980,13348.18,200.72,2.3406,351.96,0.5703
a4_nueva_esperanza,1985,13348.18,230.07,2.3406,403.42,0.5703
a4_nueva_esperanza,1990,13348.18,263.98,2.3406,462.9,0.5703
a4_nueva_esperanza,1995,44647.39,788.67,7.8289,1382.93,0.5703
a4_nueva_esperanza,2000,78592.54,1344.81,13.7812,2358.13,0.5703
a4_nueva_esperanza,2005,115827.45,2066.85,20.3104,3624.24,0.5703
a4_nueva_esperanza,2010,166818.82,3001.99,29.2518,5264.01,0.5703
a4_nueva_esperanza,2015,209088.91,3850.28,36.6638,6751.47,0.5703
a4_nueva_esperanza,2020,212834.06,4018.79,37.3205,7046.97,0.5703
a4_nueva_esperanza,2025,212843.58,4206.58,37.3222,7376.26,0.5703
a4_nueva_esperanza,2030,212843.58,4360.98,37.3222,7647.0,0.5703
el_laurel,1975,17264.74,136.06,3.6409,286.93,0.4742
el_laurel,1980,20083.7,185.42,4.2354,391.03,0.4742
el_laurel,1985,22946.1,245.14,4.839,516.96,0.4742
el_laurel,1990,25842.05,318.91,5.4498,672.54,0.4742
el_laurel,1995,31752.6,419.41,6.6962,884.49,0.4742
el_laurel,2000,38394.95,526.55,8.097,1110.43,0.4742
el_laurel,2005,42609.53,557.36,8.9858,1175.39,0.4742
el_laurel,2010,46834.68,576.36,9.8768,1215.46,0.4742
el_laurel,2015,50783.68,620.95,10.7096,1309.5,0.4742
el_laurel,2020,52382.89,650.32,11.0469,1371.45,0.4742
el_laurel,2025,52382.89,680.69,11.0469,1435.49,0.4742
el_laurel,2030,52382.89,705.67,11.0469,1488.17,0.4742
cima_del_sol,1975,16278.4,151.54,1.7846,166.13,0.9122
cima_del_sol,1980,16895.17,180.34,1.8522,197.71,0.9122
cima_del_sol,1985,17649.02,214.14,1.9349,234.76,0.9122
cima_del_sol,1990,18334.8,253.31,2.0101,277.71,0.9122
cima_del_sol,1995,21944.07,307.08,2.4057,336.66,0.9122
cima_del_sol,2000,26197.87,369.35,2.8721,404.92,0.9122
cima_del_sol,2005,51780.86,773.88,5.6768,848.41,0.9122
cima_del_sol,2010,82187.24,1195.69,9.0103,1310.84,0.9122
cima_del_sol,2015,107082.98,1574.96,11.7396,1726.64,0.9122
cima_del_sol,2020,119050.65,1803.31,13.0516,1976.98,0.9122
cima_del_sol,2025,129464.13,2006.51,14.1933,2199.75,0.9122
cima_del_sol,2030,130007.25,2058.88,14.2528,2257.16,0.9122
san_isidro,1975,21116.42,205.16,3.0205,293.45,0.6991
san_isidro,1980,21238.91,238.79,3.038,341.56,0.6991
san_isidro,1985,21357.79,275.39,3.055,393.91,0.6991
san_isidro,1990,21480.27,317.99,3.0725,454.85,0.6991
san_isidro,1995,21484.56,317.7,3.0731,454.43,0.6991
san_isidro,2000,21488.84,317.28,3.0737,453.83,0.6991
san_isidro,2005,97347.15,1544.82,13.9243,2209.68,0.6991
san_isidro,2010,187692.66,2864.49,26.8472,4097.31,0.6991
san_isidro,2015,261978.83,4022.09,37.4729,5753.11,0.6991
san_isidro,2020,273880.13,4248.92,39.1753,6077.57,0.6991
san_isidro,2025,276961.13,4315.92,39.616,6173.4,0.6991
san_isidro,2030,276961.13,4474.33,39.616,6399.99,0.6991
lomas_de_garupa,1975,33339.12,293.27,4.0078,352.55,0.8319
lomas_de_garupa,1980,37686.03,381.34,4.5304,458.42,0.8319
lomas_de_garupa,1985,42036.74,485.47,5.0534,583.6,0.8319
lomas_de_garupa,1990,46383.8,612.49,5.576,736.29,0.8319
lomas_de_garupa,1995,64399.98,900.62,7.7417,1082.66,0.8319
lomas_de_garupa,2000,84560.83,1214.58,10.1653,1460.08,0.8319
lomas_de_garupa,2005,93175.55,1276.26,11.2009,1534.24,0.8319
lomas_de_garupa,2010,102416.26,1316.41,12.3118,1582.5,0.8319
lomas_de_garupa,2015,112471.24,1428.3,13.5205,1717.01,0.8319
lomas_de_garupa,2020,123443.09,1590.32,14.8395,1911.77,0.8319
lomas_de_garupa,2025,127715.42,1693.52,15.3531,2035.83,0.8319
lomas_de_garupa,2030,127872.42,1757.88,15.372,2113.21,0.8319
santa_helena,1975,36255.8,371.73,3.7719,386.73,0.9612
santa_helena,1980,37282.59,438.96,3.8787,456.67,0.9612
santa_helena,1985,38312.17,513.56,3.9858,534.28,0.9612
santa_helena,1990,39338.96,600.5,4.0926,624.73,0.9612
santa_helena,1995,41781.17,630.01,4.3467,655.43,0.9612
santa_helena,2000,44234.91,659.4,4.602,686.0,0.9612
santa_helena,2005,108375.4,1794.65,11.2748,1867.06,0.9612
santa_helena,2010,184285.07,3028.71,19.172,3150.91,0.9612
santa_helena,2015,256724.78,4197.1,26.7083,4366.44,0.9612
santa_helena,2020,273080.29,4540.09,28.4098,4723.27,0.9612
santa_helena,2025,276941.54,4789.86,28.8115,4983.11,0.9612
santa_helena,2030,277297.5,4969.37,28.8485,5169.87,0.9612
fatima,1975,43578.73,417.87,5.1738,496.11,0.8423
fatima,1980,50942.82,570.99,6.0481,677.91,0.8423
fatima,1985,58314.19,755.1,6.9233,896.48,0.8423
fatima,1990,65684.17,981.86,7.7983,1165.7,0.8423
fatima,1995,76280.55,1150.99,9.0563,1366.5,0.8423
fatima,2000,87021.62,1321.1,10.3315,1568.46,0.8423
fatima,2005,102553.86,1513.04,12.1756,1796.34,0.8423
fatima,2010,118255.17,1663.97,14.0397,1975.53,0.8423
fatima,2015,135416.52,1911.6,16.0772,2269.52,0.8423
fatima,2020,155034.22,2237.73,18.4063,2656.72,0.8423
fatima,2025,155034.22,2342.22,18.4063,2780.77,0.8423
fatima,2030,157411.15,2458.76,18.6885,2919.13,0.8423
don_santiago,1975,20467.39,249.83,7.0835,864.63,0.2889
don_santiago,1980,24264.33,348.12,8.3975,1204.8,0.2889
don_santiago,1985,28178.11,468.82,9.752,1622.52,0.2889
don_santiago,1990,32037.11,616.96,11.0876,2135.21,0.2889
don_santiago,1995,43694.98,847.77,15.1222,2934.0,0.2889
don_santiago,2000,56726.65,1106.71,19.6323,3830.16,0.2889
don_santiago,2005,66213.53,1238.15,22.9155,4285.07,0.2889
don_santiago,2010,75701.32,1337.83,26.1991,4630.04,0.2889
don_santiago,2015,84350.1,1488.44,29.1924,5151.28,0.2889
don_santiago,2020,89627.33,1629.58,31.0187,5639.74,0.2889
don_santiago,2025,89627.33,1705.67,31.0187,5903.08,0.2889
don_santiago,2030,89627.8,1768.28,31.0189,6119.76,0.2889
nu_pora,1975,80288.75,921.46,8.3062,953.29,0.9666
nu_pora,1980,90189.22,1196.17,9.3305,1237.49,0.9666
nu_pora,1985,100246.46,1522.8,10.3709,1575.41,0.9666
nu_pora,1990,110511.93,1925.62,11.433,1992.14,0.9666
nu_pora,1995,159058.7,2776.16,16.4553,2872.07,0.9666
nu_pora,2000,212873.75,3718.86,22.0228,3847.32,0.9666
nu_pora,2005,243404.04,4114.24,25.1812,4256.37,0.9666
nu_pora,2010,273940.15,4407.6,28.3403,4559.86,0.9666
nu_pora,2015,303882.13,4899.91,31.438,5069.18,0.9666
nu_pora,2020,327853.54,5430.33,33.9179,5617.92,0.9666
nu_pora,2025,327853.54,5683.9,33.9179,5880.25,0.9666
nu_pora,2030,327853.54,5892.51,33.9179,6096.07,0.9666
miguel_lanus,1975,183558.26,1971.27,9.4306,1012.78,1.9464
miguel_lanus,1980,201628.15,2503.78,10.359,1286.36,1.9464
miguel_lanus,1985,219785.75,3127.24,11.2919,1606.67,1.9464
miguel_lanus,1990,238264.11,3886.52,12.2412,1996.77,1.9464
miguel_lanus,1995,281214.6,4569.99,14.4479,2347.91,1.9464
miguel_lanus,2000,325311.42,5265.52,16.7134,2705.25,1.9464
miguel_lanus,2005,371291.97,5772.0,19.0758,2965.46,1.9464
miguel_lanus,2010,417560.51,6142.94,21.4529,3156.04,1.9464
miguel_lanus,2015,466100.53,6834.09,23.9467,3511.13,1.9464
miguel_lanus,2020,507605.94,7567.71,26.0791,3888.04,1.9464
miguel_lanus,2025,508338.21,7925.78,26.1167,4072.01,1.9464
miguel_lanus,2030,508341.41,8216.71,26.1169,4221.47,1.9464
norte,1975,51713.8,275.25,1.9649,104.58,2.6319
norte,1980,57521.75,353.68,2.1856,134.38,2.6319
norte,1985,63524.37,447.51,2.4136,170.03,2.6319
norte,1990,69972.86,565.94,2.6587,215.03,2.6319
norte,1995,77755.91,631.0,2.9544,239.75,2.6319
norte,2000,86273.23,701.76,3.278,266.64,2.6319
norte,2005,94445.05,750.57,3.5885,285.18,2.6319
norte,2010,104556.99,802.96,3.9727,305.09,2.6319
norte,2015,115179.19,891.88,4.3763,338.87,2.6319
norte,2020,131633.5,1045.82,5.0015,397.37,2.6319
norte,2025,157828.0,1422.9,5.9968,540.64,2.6319
norte,2030,163464.0,1518.18,6.2109,576.84,2.6319
centro,1975,875752.21,13675.01,43.6199,6811.32,2.0077
centro,1980,877352.97,15845.97,43.6997,7892.65,2.0077
centro,1985,878947.43,18197.73,43.7791,9064.02,2.0077
centro,1990,880548.19,20920.05,43.8588,10419.97,2.0077
centro,1995,887712.32,21096.12,44.2156,10507.67,2.0077
centro,2000,894830.28,21262.59,44.5702,10590.59,2.0077
centro,2005,895617.15,20526.54,44.6094,10223.97,2.0077
centro,2010,896407.18,19508.05,44.6487,9716.67,2.0077
centro,2015,897388.65,19538.4,44.6976,9731.79,2.0077
centro,2020,899145.14,20073.44,44.7851,9998.29,2.0077
centro,2025,899145.14,21010.78,44.7851,10465.16,2.0077
centro,2030,899145.14,21781.95,44.7851,10849.27,2.0077
complejo_gervasio_artigas,1975,28541.18,225.48,0.7693,60.77,3.7102
complejo_gervasio_artigas,1980,29173.07,266.07,0.7863,71.71,3.7102
complejo_gervasio_artigas,1985,29821.13,311.15,0.8038,83.86,3.7102
complejo_gervasio_artigas,1990,30480.25,364.18,0.8215,98.16,3.7102
complejo_gervasio_artigas,1995,36069.62,445.49,0.9722,120.07,3.7102
complejo_gervasio_artigas,2000,43631.38,554.55,1.176,149.47,3.7102
complejo_gervasio_artigas,2005,106982.16,1329.41,2.8835,358.32,3.7102
complejo_gervasio_artigas,2010,181764.95,2132.48,4.8991,574.77,3.7102
complejo_gervasio_artigas,2015,239013.41,2799.78,6.4421,754.63,3.7102
complejo_gervasio_artigas,2020,244066.7,2915.78,6.5784,785.89,3.7102
complejo_gervasio_artigas,2025,270403.95,3325.62,7.2882,896.36,3.7102
complejo_gervasio_artigas,2030,271126.85,3440.15,7.3077,927.23,3.7102
federal,1975,21436.15,86.96,0.7901,32.05,2.713
federal,1980,23294.56,109.65,0.8586,40.41,2.713
federal,1985,25178.32,136.22,0.928,50.21,2.713
federal,1990,27323.08,170.1,1.0071,62.7,2.713
federal,1995,27457.82,170.64,1.0121,62.89,2.713
federal,2000,27583.89,171.05,1.0167,63.05,2.713
federal,2005,30715.88,181.26,1.1322,66.81,2.713
federal,2010,34205.4,189.7,1.2608,69.92,2.713
federal,2015,37734.49,208.16,1.3909,76.73,2.713
federal,2020,39000.97,217.42,1.4375,80.14,2.713
federal,2025,43270.64,254.96,1.5949,93.98,2.713
federal,2030,43270.64,264.32,1.5949,97.43,2.713
nemesio_parma,1975,14263.73,61.3,0.6671,28.67,2.1381
nemesio_parma,1980,15917.1,79.1,0.7444,37.0,2.1381
nemesio_parma,1985,17582.16,100.15,0.8223,46.84,2.1381
nemesio_parma,1990,19307.69,126.19,0.903,59.02,2.1381
nemesio_parma,1995,20801.04,135.81,0.9729,63.52,2.1381
nemesio_parma,2000,22372.02,145.84,1.0463,68.21,2.1381
nemesio_parma,2005,22916.69,144.12,1.0718,67.4,2.1381
nemesio_parma,2010,23451.95,140.07,1.0968,65.51,2.1381
nemesio_parma,2015,23971.35,143.25,1.1211,67.0,2.1381
nemesio_parma,2020,24372.67,149.37,1.1399,69.86,2.1381
nemesio_parma,2025,24372.67,156.35,1.1399,73.12,2.1381
nemesio_parma,2030,24498.61,162.92,1.1458,76.2,2.1381
villa_cabello,1975,367396.89,4312.3,14.1827,1664.69,2.5904
villa_cabello,1980,396738.28,5368.84,15.3154,2072.55,2.5904
villa_cabello,1985,426086.39,6591.21,16.4484,2544.43,2.5904
villa_cabello,1990,455461.31,8065.19,17.5823,3113.43,2.5904
villa_cabello,1995,525678.32,9308.55,20.2929,3593.41,2.5904
villa_cabello,2000,597527.6,10570.44,23.0666,4080.54,2.5904
villa_cabello,2005,636175.2,10826.76,24.5585,4179.49,2.5904
villa_cabello,2010,675183.77,10883.02,26.0643,4201.21,2.5904
villa_cabello,2015,712419.66,11462.17,27.5018,4424.78,2.5904
villa_cabello,2020,743379.66,12231.39,28.6969,4721.73,2.5904
villa_cabello,2025,746502.13,12834.6,28.8175,4954.58,2.5904
villa_cabello,2030,746694.97,13307.04,28.8249,5136.96,2.5904
itaembe_pora,1975,69416.16,868.6,2.554,319.58,2.7179
itaembe_pora,1980,70501.82,1014.37,2.594,373.22,2.7179
itaembe_pora,1985,71593.32,1174.03,2.6341,431.96,2.7179
itaembe_pora,1990,72727.05,1360.63,2.6758,500.61,2.7179
itaembe_pora,1995,138791.5,2839.79,5.1065,1044.84,2.7179
itaembe_pora,2000,217150.0,4554.62,7.9896,1675.77,2.7179
itaembe_pora,2005,372273.07,7360.13,13.697,2708.0,2.7179
itaembe_pora,2010,553485.24,10308.12,20.3643,3792.65,2.7179
itaembe_pora,2015,713499.64,13220.36,26.2517,4864.15,2.7179
itaembe_pora,2020,739646.11,14017.61,27.2137,5157.48,2.7179
itaembe_pora,2025,746968.22,14648.73,27.4831,5389.68,2.7179
itaembe_pora,2030,746968.22,15131.81,27.4831,5567.42,2.7179
itaembe_mini,1975,30738.03,331.86,2.4284,262.18,1.2658
itaembe_mini,1980,31442.55,392.16,2.484,309.82,1.2658
itaembe_mini,1985,32146.63,459.11,2.5397,362.7,1.2658
itaembe_mini,1990,32853.72,537.81,2.5955,424.89,1.2658
itaembe_mini,1995,105001.11,1869.36,8.2953,1476.84,1.2658
itaembe_mini,2000,195780.79,3523.97,15.4671,2784.01,1.2658
itaembe_mini,2005,233573.45,4073.2,18.4528,3217.91,1.2658
itaembe_mini,2010,275858.2,4575.64,21.7934,3614.85,1.2658
itaembe_mini,2015,310560.67,5166.61,24.535,4081.73,1.2658
itaembe_mini,2020,316790.6,5398.23,25.0271,4264.72,1.2658
itaembe_mini,2025,326794.57,5855.58,25.8175,4626.04,1.2658
itaembe_mini,2030,327720.03,6070.09,25.8906,4795.5,1.2658
aguas_corrientes,1975,765542.95,9525.57,36.5939,4553.34,2.092
aguas_corrientes,1980,777544.57,11191.39,37.1676,5349.62,2.092
aguas_corrientes,1985,789549.78,13028.13,37.7415,6227.61,2.092
aguas_corrientes,1990,801551.41,15178.76,38.3152,7255.63,2.092
aguas_corrientes,1995,819692.33,15520.32,39.1823,7418.9,2.092
aguas_corrientes,2000,837787.24,15853.33,40.0473,7578.09,2.092
aguas_corrientes,2005,839918.87,15331.39,40.1492,7328.59,2.092
aguas_corrientes,2010,842048.8,14596.15,40.251,6977.14,2.092
aguas_corrientes,2015,844423.87,14644.45,40.3645,7000.23,2.092
aguas_corrientes,2020,847813.01,15072.57,40.5265,7204.88,2.092
aguas_corrientes,2025,847813.01,15776.39,40.5265,7541.31,2.092
aguas_corrientes,2030,847813.01,16355.44,40.5265,7818.1,2.092
chacra_32,1975,1033403.44,12293.59,29.0453,3455.29,3.5579
chacra_32,1980,1074649.8,14812.6,30.2046,4163.3,3.5579
chacra_32,1985,1115906.34,17660.19,31.3642,4963.66,3.5579
chacra_32,1990,1157157.4,21046.07,32.5236,5915.31,3.5579
chacra_32,1995,1224929.96,22304.78,34.4285,6269.09,3.5579
chacra_32,2000,1292713.51,23551.0,36.3336,6619.36,3.5579
chacra_32,2005,1306290.91,22947.85,36.7152,6449.83,3.5579
chacra_32,2010,1319849.89,22010.33,37.0963,6186.33,3.5579
chacra_32,2015,1334156.37,22248.25,37.4984,6253.2,3.5579
chacra_32,2020,1351583.25,23080.15,37.9883,6487.02,3.5579
chacra_32,2025,1351583.25,24157.88,37.9883,6789.93,3.5579
chacra_32,2030,1351583.25,25044.56,37.9883,7039.15,3.5579
bajada_vieja,1975,132891.56,2150.96,23.4713,3799.04,0.5662
bajada_vieja,1980,135429.76,2526.93,23.9196,4463.07,0.5662
bajada_vieja,1985,137967.59,2941.36,24.3678,5195.03,0.5662
bajada_vieja,1990,140508.29,3426.67,24.8166,6052.19,0.5662
bajada_vieja,1995,149062.1,3603.6,26.3274,6364.68,0.5662
bajada_vieja,2000,157772.71,3779.88,27.8658,6676.03,0.5662
bajada_vieja,2005,159197.62,3667.65,28.1175,6477.8,0.5662
bajada_vieja,2010,160628.84,3503.42,28.3703,6187.73,0.5662
bajada_vieja,2015,162362.45,3532.77,28.6765,6239.59,0.5662
bajada_vieja,2020,165387.38,3680.05,29.2107,6499.71,0.5662
bajada_vieja,2025,165387.38,3851.9,29.2107,6803.22,0.5662
bajada_vieja,2030,165387.38,3993.27,29.2107,7052.92,0.5662
villa_bonita,1975,182962.16,2042.15,7.3856,824.35,2.4773
villa_bonita,1980,206559.8,2663.01,8.3381,1074.97,2.4773
villa_bonita,1985,230376.97,3396.83,9.2996,1371.19,2.4773
villa_bonita,1990,254990.3,4307.91,10.2931,1738.96,2.4773
villa_bonita,1995,312718.82,5384.41,12.6234,2173.51,2.4773
villa_bonita,2000,373981.9,6526.86,15.0964,2634.68,2.4773
villa_bonita,2005,434230.06,7284.29,17.5284,2940.43,2.4773
villa_bonita,2010,495977.42,7877.42,20.021,3179.86,2.4773
villa_bonita,2015,555084.93,8794.52,22.407,3550.06,2.4773
villa_bonita,2020,609468.26,9873.4,24.6022,3985.57,2.4773
villa_bonita,2025,618365.35,10372.79,24.9614,4187.15,2.4773
villa_bonita,2030,621134.97,10772.86,25.0732,4348.65,2.4773
itaembe_guazu,1975,65650.65,536.86,0.8591,70.25,7.6417
itaembe_guazu,1980,66838.71,628.54,0.8747,82.25,7.6417
itaembe_guazu,1985,68135.51,729.79,0.8916,95.5,7.6417
itaembe_guazu,1990,69462.41,848.35,0.909,111.01,7.6417
itaembe_guazu,1995,69540.8,848.07,0.91,110.98,7.6417
itaembe_guazu,2000,69626.66,847.44,0.9111,110.9,7.6417
itaembe_guazu,2005,114849.43,1651.72,1.5029,216.14,7.6417
itaembe_guazu,2010,171598.75,2579.22,2.2455,337.52,7.6417
itaembe_guazu,2015,312342.33,4400.69,4.0873,575.87,7.6417
itaembe_guazu,2020,794356.6,9952.15,10.395,1302.34,7.6417
itaembe_guazu,2025,851251.12,10824.29,11.1395,1416.47,7.6417
itaembe_guazu,2030,865312.63,11318.24,11.3235,1481.11,7.6417
posadas_completa,1975,9434772.74,113710.6,8.8623,1068.11,106.4597
posadas_completa,1980,9876683.11,137078.53,9.2774,1287.61,106.4597
posadas_completa,1985,10321819.78,163530.06,9.6955,1536.08,106.4597
posadas_completa,1990,10769540.87,195013.55,10.1161,1831.81,106.4597
posadas_completa,1995,12294428.64,222551.97,11.5484,2090.48,106.4597
posadas_completa,2000,13943910.11,252071.58,13.0978,2367.77,106.4597
posadas_completa,2005,15532020.63,269913.38,14.5896,2535.36,106.4597
posadas_completa,2010,17286786.05,284460.12,16.2379,2672.0,106.4597
posadas_completa,2015,19004352.42,311264.8,17.8512,2923.78,106.4597
posadas_completa,2020,20481725.07,339162.08,19.239,3185.83,106.4597
posadas_completa,2025,20928903.55,359820.09,19.659,3379.87,106.4597
posadas_completa,2030,21046771.82,374185.21,19.7697,3514.81,106.4597
dm_santa_rita,1975,205505.75,2465.37,7.0606,847.04,2.9106
dm_santa_rita,1980,221854.0,3073.05,7.6223,1055.82,2.9106
dm_santa_rita,1985,238217.1,3776.84,8.1845,1297.62,2.9106
dm_santa_rita,1990,255056.35,4634.33,8.7631,1592.24,2.9106
dm_santa_rita,1995,387809.18,7021.83,13.3241,2412.52,2.9106
dm_santa_rita,2000,542086.13,9772.36,18.6247,3357.53,2.9106
dm_santa_rita,2005,617394.14,10719.75,21.2121,3683.03,2.9106
dm_santa_rita,2010,695748.44,11455.71,23.9041,3935.88,2.9106
dm_santa_rita,2015,773527.42,12705.85,26.5764,4365.4,2.9106
dm_santa_rita,2020,857517.29,14313.94,29.4621,4917.9,2.9106
dm_santa_rita,2025,929686.84,16189.27,31.9416,5562.21,2.9106
dm_santa_rita,2030,934103.84,16873.44,32.0934,5797.27,2.9106
dm_itaembe_mini_este,1975,263289.79,3205.75,5.4573,664.47,4.8246
dm_itaembe_mini_este,1980,275332.3,3871.51,5.7069,802.46,4.8246
dm_itaembe_mini_este,1985,287514.96,4627.43,5.9594,959.14,4.8246
dm_itaembe_mini_este,1990,299674.69,5526.91,6.2115,1145.58,4.8246
dm_itaembe_mini_este,1995,359497.87,6616.73,7.4514,1371.47,4.8246
dm_itaembe_mini_este,2000,422011.82,7750.71,8.7472,1606.51,4.8246
dm_itaembe_mini_este,2005,591315.71,10600.7,12.2564,2197.24,4.8246
dm_itaembe_mini_este,2010,767146.82,13135.49,15.9009,2722.63,4.8246
dm_itaembe_mini_este,2015,932479.86,16012.19,19.3278,3318.9,4.8246
dm_itaembe_mini_este,2020,1021034.37,18014.25,21.1633,3733.87,4.8246
dm_itaembe_mini_este,2025,1061619.43,19623.39,22.0045,4067.4,4.8246
dm_itaembe_mini_este,2030,1084546.43,20853.8,22.4797,4322.43,4.8246
dm_miguel_lanus,1975,303213.0,2660.1,4.2877,376.16,7.0718
dm_miguel_lanus,1980,336379.04,3413.09,4.7566,482.64,7.0718
dm_miguel_lanus,1985,369964.12,4301.86,5.2316,608.31,7.0718
dm_miguel_lanus,1990,404209.82,5388.5,5.7158,761.97,7.0718
dm_miguel_lanus,1995,471722.97,6372.15,6.6705,901.07,7.0718
dm_miguel_lanus,2000,543837.42,7417.43,7.6903,1048.88,7.0718
dm_miguel_lanus,2005,583061.11,7613.79,8.2449,1076.65,7.0718
dm_miguel_lanus,2010,623520.15,7675.36,8.817,1085.35,7.0718
dm_miguel_lanus,2015,668465.9,8175.07,9.4526,1156.01,7.0718
dm_miguel_lanus,2020,720334.23,9020.38,10.186,1275.55,7.0718
dm_miguel_lanus,2025,756159.91,9789.87,10.6926,1384.36,7.0718
dm_miguel_lanus,2030,777227.08,10414.64,10.9906,1472.71,7.0718
cit_riberas_del_parana,1975,381193.62,4758.78,16.7787,2094.64,2.2719
cit_riberas_del_parana,1980,404604.41,5845.08,17.8092,2572.78,2.2719
cit_riberas_del_parana,1985,428245.46,7091.56,18.8497,3121.44,2.2719
cit_riberas_del_parana,1990,451847.22,8587.27,19.8886,3779.79,2.2719
cit_riberas_del_parana,1995,493440.09,9383.41,21.7194,4130.22,2.2719
cit_riberas_del_parana,2000,536876.51,10208.0,23.6313,4493.18,2.2719
cit_riberas_del_parana,2005,562001.13,10287.53,24.7372,4528.18,2.2719
cit_riberas_del_parana,2010,587507.46,10193.91,25.8599,4486.97,2.2719
cit_riberas_del_parana,2015,610093.46,10570.88,26.854,4652.9,2.2719
cit_riberas_del_parana,2020,621426.63,11005.1,27.3529,4844.03,2.2719
cit_riberas_del_parana,2025,621432.27,11519.07,27.3531,5070.26,2.2719
cit_riberas_del_parana,2030,621432.27,11941.86,27.3531,5256.36,2.2719
dm_villa_urquiza,1975,416529.95,4965.43,26.5471,3164.67,1.569
dm_villa_urquiza,1980,432202.69,5950.65,27.546,3792.59,1.569
dm_villa_urquiza,1985,447934.53,7059.07,28.5487,4499.03,1.569
dm_villa_urquiza,1990,463954.5,8377.87,29.5697,5339.56,1.569
dm_villa_urquiza,1995,489433.6,8852.28,31.1936,5641.92,1.569
dm_villa_urquiza,2000,514905.0,9321.59,32.817,5941.03,1.569
dm_villa_urquiza,2005,524228.51,9118.29,33.4112,5811.46,1.569
dm_villa_urquiza,2010,533620.35,8779.57,34.0098,5595.58,1.569
dm_villa_urquiza,2015,542954.56,8903.17,34.6047,5674.35,1.569
dm_villa_urquiza,2020,551768.32,9243.71,35.1664,5891.39,1.569
dm_villa_urquiza,2025,552878.32,9682.46,35.2372,6171.03,1.569
dm_villa_urquiza,2030,552972.7,10038.47,35.2432,6397.93,1.569
fatima_sur,1975,123896.85,1104.33,4.3437,387.17,2.8523
fatima_sur,1980,141619.47,1480.46,4.965,519.04,2.8523
fatima_sur,1985,159515.93,1931.06,5.5925,677.01,2.8523
fatima_sur,1990,178881.96,2505.22,6.2714,878.31,2.8523
fatima_sur,1995,251342.2,3656.61,8.8118,1281.97,2.8523
fatima_sur,2000,334413.63,4979.35,11.7242,1745.71,2.8523
fatima_sur,2005,394240.15,5648.68,13.8217,1980.37,2.8523
fatima_sur,2010,454827.71,6162.15,15.9458,2160.39,2.8523
fatima_sur,2015,520015.67,7000.0,18.2313,2454.14,2.8523
fatima_sur,2020,593116.98,8059.5,20.7941,2825.59,2.8523
fatima_sur,2025,614275.79,8625.85,21.5359,3024.14,2.8523
fatima_sur,2030,621774.21,8994.54,21.7988,3153.41,2.8523
cit_villa_cabello,1975,35518.27,135.57,0.0976,3.72,36.3984
cit_villa_cabello,1980,39456.84,175.2,0.1084,4.81,36.3984
cit_villa_cabello,1985,43449.47,222.26,0.1194,6.11,36.3984
cit_villa_cabello,1990,47898.09,282.55,0.1316,7.76,36.3984
cit_villa_cabello,1995,51443.01,304.63,0.1413,8.37,36.3984
cit_villa_cabello,2000,55231.09,328.09,0.1517,9.01,36.3984
cit_villa_cabello,2005,63444.08,356.22,0.1743,9.79,36.3984
cit_villa_cabello,2010,72102.67,377.5,0.1981,10.37,36.3984
cit_villa_cabello,2015,82535.52,416.37,0.2268,11.44,36.3984
cit_villa_cabello,2020,98490.92,479.21,0.2706,13.17,36.3984
cit_villa_cabello,2025,125643.27,651.72,0.3452,17.91,36.3984
cit_villa_cabello,2030,134311.41,708.4,0.369,19.46,36.3984
dm_santa_rita_suroeste,1975,598465.14,7351.84,17.4418,2142.63,3.4312
dm_santa_rita_suroeste,1980,629870.36,8940.85,18.3571,2605.74,3.4312
dm_santa_rita_suroeste,1985,661289.44,10750.63,19.2727,3133.18,3.4312
dm_santa_rita_suroeste,1990,692725.64,12912.54,20.1889,3763.25,3.4312
dm_santa_rita_suroeste,1995,840623.19,15501.15,24.4993,4517.68,3.4312
dm_santa_rita_suroeste,2000,990717.96,18099.48,28.8737,5274.94,3.4312
dm_santa_rita_suroeste,2005,1043672.4,18358.39,30.417,5350.4,3.4312
dm_santa_rita_suroeste,2010,1097515.51,18294.02,31.9862,5331.64,3.4312
dm_santa_rita_suroeste,2015,1148874.99,19121.72,33.483,5572.87,3.4312
dm_santa_rita_suroeste,2020,1190002.55,20240.54,34.6816,5898.94,3.4312
dm_santa_rita_suroeste,2025,1207080.55,21382.43,35.1794,6231.73,3.4312
dm_santa_rita_suroeste,2030,1212822.55,22100.26,35.3467,6440.94,3.4312
puerto_canela,1975,443102.64,4161.79,2.6682,250.61,16.6066
puerto_canela,1980,474138.42,5111.54,2.8551,307.8,16.6066
puerto_canela,1985,505693.68,6205.02,3.0451,373.65,16.6066
puerto_canela,1990,537587.6,7511.72,3.2372,452.33,16.6066
puerto_canela,1995,664417.74,9707.16,4.0009,584.54,16.6066
puerto_canela,2000,809578.98,12207.34,4.875,735.09,16.6066
puerto_canela,2005,951104.19,13857.85,5.7273,834.48,16.6066
puerto_canela,2010,1105618.66,15316.74,6.6577,922.33,16.6066
puerto_canela,2015,1240211.07,17208.48,7.4682,1036.24,16.6066
puerto_canela,2020,1314502.22,18648.84,7.9155,1122.98,16.6066
puerto_canela,2025,1365523.27,20017.56,8.2228,1205.4,16.6066
puerto_canela,2030,1373146.66,20690.86,8.2687,1245.94,16.6066
villa_dolores,1975,456291.49,5239.48,13.4127,1540.15,3.4019
villa_dolores,1980,483185.71,6417.56,14.2033,1886.45,3.4019
villa_dolores,1985,510106.74,7766.4,14.9947,2282.94,3.4019
villa_dolores,1990,537002.92,9382.21,15.7853,2757.91,3.4019
villa_dolores,1995,642253.08,11311.8,18.8791,3325.12,3.4019
villa_dolores,2000,752648.25,13316.29,22.1242,3914.34,3.4019
villa_dolores,2005,830771.01,14211.11,24.4206,4177.37,3.4019
villa_dolores,2010,913326.9,14868.13,26.8474,4370.51,3.4019
villa_dolores,2015,995042.12,16197.26,29.2494,4761.2,3.4019
villa_dolores,2020,1063811.61,17802.54,31.2709,5233.08,3.4019
villa_dolores,2025,1068121.07,18518.98,31.3976,5443.68,3.4019
villa_dolores,2030,1068121.07,19197.56,31.3976,5643.15,3.4019
dm_itaembe_mini_este_suroeste,1975,64833.86,486.67,2.0845,156.47,3.1103
dm_itaembe_mini_este_suroeste,1980,67844.66,578.57,2.1813,186.02,3.1103
dm_itaembe_mini_este_suroeste,1985,70997.07,682.26,2.2826,219.36,3.1103
dm_itaembe_mini_este_suroeste,1990,74080.47,804.15,2.3818,258.54,3.1103
dm_itaembe_mini_este_suroeste,1995,79393.13,889.74,2.5526,286.06,3.1103
dm_itaembe_mini_este_suroeste,2000,84717.11,974.91,2.7238,313.45,3.1103
dm_itaembe_mini_este_suroeste,2005,176943.35,2528.67,5.6889,813.0,3.1103
dm_itaembe_mini_este_suroeste,2010,290653.93,4246.63,9.3449,1365.34,3.1103
dm_itaembe_mini_este_suroeste,2015,390539.56,5853.41,12.5563,1881.94,3.1103
dm_itaembe_mini_este_suroeste,2020,427381.15,6486.83,13.7408,2085.59,3.1103
dm_itaembe_mini_este_suroeste,2025,446360.04,7134.8,14.351,2293.92,3.1103
dm_itaembe_mini_este_suroeste,2030,446360.04,7396.67,14.351,2378.12,3.1103
los_patitos,1975,77602.72,516.73,0.9494,63.21,8.1742
los_patitos,1980,85683.74,649.18,1.0482,79.42,8.1742
los_patitos,1985,93914.78,804.04,1.1489,98.36,8.1742
los_patitos,1990,102355.67,992.73,1.2522,121.45,8.1742
los_patitos,1995,106950.57,1022.7,1.3084,125.11,8.1742
los_patitos,2000,111769.81,1053.67,1.3673,128.9,8.1742
los_patitos,2005,160110.24,1676.27,1.9587,205.07,8.1742
los_patitos,2010,218794.43,2355.73,2.6766,288.19,8.1742
los_patitos,2015,276778.93,3106.31,3.386,380.01,8.1742
los_patitos,2020,335366.11,3988.31,4.1027,487.91,8.1742
los_patitos,2025,379459.41,4549.23,4.6421,556.53,8.1742
los_patitos,2030,398319.77,4935.96,4.8729,603.84,8.1742
cit_riberas_del_parana_oeste,1975,303952.55,3960.3,9.6228,1253.79,3.1587
cit_riberas_del_parana_oeste,1980,327411.49,4938.96,10.3655,1563.62,3.1587
cit_riberas_del_parana_oeste,1985,350903.69,6072.26,11.1092,1922.41,3.1587
cit_riberas_del_parana_oeste,1990,374401.68,7439.53,11.8531,2355.27,3.1587
cit_riberas_del_parana_oeste,1995,481764.76,9577.01,15.2521,3031.98,3.1587
cit_riberas_del_parana_oeste,2000,600116.45,11922.5,18.999,3774.53,3.1587
cit_riberas_del_parana_oeste,2005,660310.87,12561.45,20.9047,3976.82,3.1587
cit_riberas_del_parana_oeste,2010,720702.55,12937.69,22.8166,4095.93,3.1587
cit_riberas_del_parana_oeste,2015,777220.87,13868.63,24.6059,4390.65,3.1587
cit_riberas_del_parana_oeste,2020,816384.73,14872.11,25.8458,4708.34,3.1587
cit_riberas_del_parana_oeste,2025,830218.8,15741.29,26.2838,4983.52,3.1587
cit_riberas_del_parana_oeste,2030,830237.4,16311.29,26.2844,5163.97,3.1587
dm_miguel_lanus_sur,1975,90505.53,674.65,1.6384,122.13,5.5242
dm_miguel_lanus_sur,1980,97290.82,817.4,1.7612,147.97,5.5242
dm_miguel_lanus_sur,1985,104114.25,979.69,1.8847,177.35,5.5242
dm_miguel_lanus_sur,1990,111114.89,1174.38,2.0114,212.59,5.5242
dm_miguel_lanus_sur,1995,135131.56,1545.69,2.4462,279.8,5.5242
dm_miguel_lanus_sur,2000,164462.8,1999.92,2.9772,362.03,5.5242
dm_miguel_lanus_sur,2005,256916.09,3519.38,4.6508,637.09,5.5242
dm_miguel_lanus_sur,2010,372531.13,5237.18,6.7437,948.05,5.5242
dm_miguel_lanus_sur,2015,477750.05,6906.63,8.6484,1250.26,5.5242
dm_miguel_lanus_sur,2020,540581.03,7832.01,9.7857,1417.77,5.5242
dm_miguel_lanus_sur,2025,592850.38,8776.95,10.7319,1588.83,5.5242
dm_miguel_lanus_sur,2030,617096.3,9374.49,11.1708,1697.0,5.5242
san_martin_sureste,1975,100643.29,1011.5,4.433,445.53,2.2703
san_martin_sureste,1980,111486.47,1301.07,4.9106,573.08,2.2703
san_martin_sureste,1985,122666.91,1646.07,5.403,725.04,2.2703
san_martin_sureste,1990,134021.61,2069.26,5.9032,911.44,2.2703
san_martin_sureste,1995,208587.52,3374.78,9.1875,1486.47,2.2703
san_martin_sureste,2000,291756.21,4814.62,12.8508,2120.67,2.2703
san_martin_sureste,2005,351920.91,5604.1,15.5009,2468.41,2.2703
san_martin_sureste,2010,414947.17,6262.76,18.277,2758.52,2.2703
san_martin_sureste,2015,480713.93,7244.0,21.1738,3190.73,2.2703
san_martin_sureste,2020,550689.02,8493.23,24.2559,3740.97,2.2703
san_martin_sureste,2025,562028.02,8979.23,24.7553,3955.03,2.2703
san_martin_sureste,2030,562028.02,9242.24,24.7553,4070.88,2.2703
horacio_quiroga,1975,91969.6,812.11,4.3417,383.37,2.1183
horacio_quiroga,1980,104890.59,1069.33,4.9516,504.8,2.1183
horacio_quiroga,1985,118250.31,1381.04,5.5823,651.95,2.1183
horacio_quiroga,1990,131800.67,1763.27,6.222,832.39,2.1183
horacio_quiroga,1995,156369.16,2176.38,7.3818,1027.41,2.1183
horacio_quiroga,2000,186254.44,2680.41,8.7926,1265.35,2.1183
horacio_quiroga,2005,242541.69,3446.08,11.4498,1626.81,2.1183
horacio_quiroga,2010,305060.8,4185.72,14.4011,1975.97,2.1183
horacio_quiroga,2015,360481.49,4998.22,17.0174,2359.53,2.1183
horacio_quiroga,2020,397419.2,5674.54,18.7611,2678.8,2.1183
horacio_quiroga,2025,408845.36,6098.92,19.3005,2879.15,2.1183
horacio_quiroga,2030,419202.55,6484.82,19.7895,3061.32,2.1183
malvinas,1975,152612.82,1024.71,2.811,188.74,5.4292
malvinas,1980,165271.6,1281.27,3.0442,236.0,5.4292
malvinas,1985,178026.4,1579.53,3.2791,290.93,5.4292
malvinas,1990,191273.69,1941.84,3.5231,357.67,5.4292
malvinas,1995,220689.97,2203.27,4.0649,405.82,5.4292
malvinas,2000,255220.44,2505.68,4.7009,461.52,5.4292
malvinas,2005,301050.23,2931.31,5.5451,539.92,5.4292
malvinas,2010,352523.49,3347.32,6.4932,616.55,5.4292
malvinas,2015,395883.98,3810.89,7.2918,701.93,5.4292
malvinas,2020,417544.31,4113.86,7.6908,757.74,5.4292
malvinas,2025,429249.75,4408.35,7.9064,811.98,5.4292
malvinas,2030,430953.07,4581.72,7.9378,843.91,5.4292
la_eugenia,1975,40226.11,172.83,3.8363,164.82,1.0486
la_eugenia,1980,45490.15,226.04,4.3383,215.57,1.0486
la_eugenia,1985,51007.12,290.51,4.8645,277.06,1.0486
la_eugenia,1990,56435.89,368.82,5.3822,351.74,1.0486
la_eugenia,1995,56545.31,369.15,5.3927,352.05,1.0486
la_eugenia,2000,56653.87,369.32,5.403,352.21,1.0486
la_eugenia,2005,58696.45,369.09,5.5978,352.0,1.0486
la_eugenia,2010,60741.16,362.74,5.7928,345.95,1.0486
la_eugenia,2015,62806.65,375.28,5.9898,357.9,1.0486
la_eugenia,2020,64921.89,397.85,6.1915,379.42,1.0486
la_eugenia,2025,65083.89,417.47,6.207,398.13,1.0486
la_eugenia,2030,65083.89,432.79,6.207,412.75,1.0486
dm_villa_urquiza_sureste,1975,111071.07,1278.57,12.0757,1390.07,0.9198
dm_villa_urquiza_sureste,1980,115520.83,1534.23,12.5595,1668.03,0.9198
dm_villa_urquiza_sureste,1985,120025.52,1822.46,13.0493,1981.39,0.9198
dm_villa_urquiza_sureste,1990,124503.45,2164.35,13.5361,2353.09,0.9198
dm_villa_urquiza_sureste,1995,131091.08,2262.04,14.2523,2459.3,0.9198
dm_villa_urquiza_sureste,2000,137705.22,2359.14,14.9714,2564.88,0.9198
dm_villa_urquiza_sureste,2005,148167.11,2391.09,16.1088,2599.61,0.9198
dm_villa_urquiza_sureste,2010,159422.39,2372.85,17.3325,2579.78,0.9198
dm_villa_urquiza_sureste,2015,173116.67,2513.47,18.8214,2732.66,0.9198
dm_villa_urquiza_sureste,2020,186091.88,2682.53,20.232,2916.46,0.9198
dm_villa_urquiza_sureste,2025,191123.6,2842.67,20.7791,3090.57,0.9198
dm_villa_urquiza_sureste,2030,191775.58,2944.24,20.85,3201.0,0.9198
el_portal,1975,77738.01,546.59,6.9644,489.68,1.1162
el_portal,1980,84283.42,685.98,7.5507,614.55,1.1162
el_portal,1985,90841.93,848.09,8.1383,759.78,1.1162
el_portal,1990,97500.0,1044.67,8.7348,935.89,1.1162
el_portal,1995,110559.27,1207.3,9.9047,1081.59,1.1162
el_portal,2000,124169.53,1371.19,11.124,1228.42,1.1162
el_portal,2005,153151.21,1659.21,13.7204,1486.44,1.1162
el_portal,2010,185927.38,1924.97,16.6568,1724.53,1.1162
el_portal,2015,213671.16,2224.58,19.1423,1992.95,1.1162
el_portal,2020,227061.47,2442.82,20.3419,2188.46,1.1162
el_portal,2025,228922.28,2509.87,20.5086,2248.53,1.1162
el_portal,2030,228967.96,2602.29,20.5127,2331.33,1.1162
porvenir_2,1975,75339.37,319.32,4.6923,198.88,1.6056
porvenir_2,1980,90854.25,445.53,5.6586,277.48,1.6056
porvenir_2,1985,106592.5,599.32,6.6388,373.26,1.6056
porvenir_2,1990,122444.38,790.0,7.6261,492.03,1.6056
porvenir_2,1995,122545.05,789.83,7.6323,491.92,1.6056
porvenir_2,2000,122641.33,789.31,7.6383,491.59,1.6056
porvenir_2,2005,126749.11,786.93,7.8942,490.12,1.6056
porvenir_2,2010,130851.84,771.52,8.1497,480.51,1.6056
porvenir_2,2015,134599.63,794.09,8.3831,494.57,1.6056
porvenir_2,2020,137165.14,829.93,8.5429,516.9,1.6056
porvenir_2,2025,137165.14,868.68,8.5429,541.03,1.6056
porvenir_2,2030,138110.14,906.85,8.6018,564.8,1.6056
