poligono_id,fecha,s1_vv_mean_db,s1_vh_mean_db,s1_cross_ratio,delta_vv_mean_db,n_imagenes_vv,n_imagenes_vh,version_script,fecha_calculo
23_de_septiembre,2018-07,-4.446036523934433,-12.80766417207859,8.361627648144157,,8,8,0.1.0,2026-04-27T06:21:33
23_de_septiembre,2019-07,-3.9528826055395476,-11.800603964190799,7.847721358651251,0.4931539183948854,2,2,0.1.0,2026-04-27T06:21:34
23_de_septiembre,2020-07,-2.992427083117069,-11.019591995970636,8.027164912853568,0.9604555224224787,6,6,0.1.0,2026-04-27T06:21:35
23_de_septiembre,2021-07,-3.9007819946851328,-11.929040488017897,8.028258493332764,-0.9083549115680638,7,7,0.1.0,2026-04-27T06:21:36
23_de_septiembre,2022-07,-3.6611069138087053,-12.241961965004062,8.580855051195357,0.23967508087642742,3,3,0.1.0,2026-04-27T06:21:37
23_de_septiembre,2023-07,-3.9082698974863783,-12.204531670288016,8.296261772801639,-0.24716298367767298,7,7,0.1.0,2026-04-27T06:21:38
23_de_septiembre,2024-07,-3.718122697484054,-11.981815670611521,8.263692973127467,0.1901472000023241,7,7,0.1.0,2026-04-27T06:21:41
23_de_septiembre,2025-07,-3.6209752548096326,-11.91981443495428,8.298839180144647,0.09714744267442166,8,8,0.1.0,2026-04-27T06:21:42
23_de_septiembre,2026-07,,,,,0,0,0.1.0,2026-04-27T06:21:44
a4_nueva_esperanza,2018-07,-6.3580276484330245,-14.542541361417062,8.184513712984037,,8,8,0.1.0,2026-04-27T06:23:57
a4_nueva_esperanza,2019-07,-5.8567287462004005,-14.20344882027324,8.346720074072838,0.501298902232624,2,2,0.1.0,2026-04-27T06:23:57
a4_nueva_esperanza,2020-07,-4.6504314858917075,-13.550521413995849,8.90008992810414,1.206297260308693,6,6,0.1.0,2026-04-27T06:23:58
a4_nueva_esperanza,2021-07,-6.143218292069525,-13.969719002388,7.826500710318475,-1.4927868061778176,7,7,0.1.0,2026-04-27T06:24:00
a4_nueva_esperanza,2022-07,-5.5560133612192235,-13.868570317377118,8.312556956157895,0.5872049308503016,3,3,0.1.0,2026-04-27T06:24:01
a4_nueva_esperanza,2023-07,-5.376198206093222,-13.647232451803548,8.271034245710325,0.17981515512600144,7,7,0.1.0,2026-04-27T06:24:02
a4_nueva_esperanza,2024-07,-5.4377632331465975,-13.670080631118985,8.232317397972388,-0.06156502705337541,7,7,0.1.0,2026-04-27T06:24:03
a4_nueva_esperanza,2025-07,-5.347750109187844,-13.417348863133618,8.069598753945774,0.09001312395875338,8,8,0.1.0,2026-04-27T06:24:04
a4_nueva_esperanza,2026-07,,,,,0,0,0.1.0,2026-04-27T06:24:05
a_3_2_sector_b,2018-07,-5.167032928755043,-14.503656600151624,9.33662367139658,,8,8,0.1.0,2026-04-27T06:21:00
a_3_2_sector_b,2019-07,-4.669266827496201,-13.736097793141562,9.066830965645362,0.4977661012588426,2,2,0.1.0,2026-04-27T06:21:01
a_3_2_sector_b,2020-07,-4.078318891958367,-13.480145045982459,9.401826154024093,0.5909479355378338,6,6,0.1.0,2026-04-27T06:21:02
a_3_2_sector_b,2021-07,-4.7449365930739855,-14.408675537615283,9.663738944541297,-0.6666177011156185,7,7,0.1.0,2026-04-27T06:21:03
a_3_2_sector_b,2022-07,-4.653031029933977,-14.216327794166055,9.563296764232078,0.09190556314000808,3,3,0.1.0,2026-04-27T06:21:05
a_3_2_sector_b,2023-07,-4.504676562459736,-14.20748882998611,9.702812267526374,0.14835446747424186,7,7,0.1.0,2026-04-27T06:21:06
a_3_2_sector_b,2024-07,-4.801756079235517,-13.877181263094924,9.075425183859407,-0.29707951677578137,7,7,0.1.0,2026-04-27T06:21:08
a_3_2_sector_b,2025-07,-4.652714416086365,-13.420883998666724,8.76816958258036,0.14904166314915201,8,8,0.1.0,2026-04-27T06:21:09
a_3_2_sector_b,2026-07,,,,,0,0,0.1.0,2026-04-27T06:21:10
aguas_corrientes,2018-07,-3.5483052670137356,-12.487141472138589,8.938836205124854,,8,8,0.1.0,2026-04-27T06:27:05
aguas_corrientes,2019-07,-3.257832247762763,-12.235881492989842,8.97804924522708,0.2904730192509728,2,2,0.1.0,2026-04-27T06:27:08
aguas_corrientes,2020-07,-2.4772572865778164,-11.420085238130465,8.942827951552648,0.7805749611849464,6,6,0.1.0,2026-04-27T06:27:09
aguas_corrientes,2021-07,-3.025109645066469,-11.958024254055887,8.932914608989417,-0.5478523584886528,7,7,0.1.0,2026-04-27T06:27:11
aguas_corrientes,2022-07,-2.812076547440227,-11.528984794565083,8.716908247124856,0.213033097626242,3,3,0.1.0,2026-04-27T06:27:12
aguas_corrientes,2023-07,-2.774101112106351,-11.443378026031365,8.669276913925014,0.03797543533387637,7,7,0.1.0,2026-04-27T06:27:13
aguas_corrientes,2024-07,-2.641760920820812,-11.440710905680183,8.79894998485937,0.13234019128553864,7,7,0.1.0,2026-04-27T06:27:14
aguas_corrientes,2025-07,-2.628847222197415,-11.17429566195228,8.545448439754866,0.012913698623397085,8,8,0.1.0,2026-04-27T06:27:16
aguas_corrientes,2026-07,,,,,0,0,0.1.0,2026-04-27T06:27:17
alta_gracia,2018-07,-5.093330845819715,-14.134366682713619,9.041035836893904,,8,8,0.1.0,2026-04-27T06:22:16
alta_gracia,2019-07,-4.701116381219598,-13.103975263609842,8.402858882390245,0.39221446460011666,2,2,0.1.0,2026-04-27T06:22:17
alta_gracia,2020-07,-3.9986672749120777,-12.940462097973517,8.94179482306144,0.7024491063075202,6,6,0.1.0,2026-04-27T06:22:18
alta_gracia,2021-07,-4.563575939793745,-13.577370897765508,9.013794957971763,-0.5649086648816675,7,7,0.1.0,2026-04-27T06:22:19
alta_gracia,2022-07,-4.750486222195133,-13.201042320331096,8.450556098135962,-0.18691028240138774,3,3,0.1.0,2026-04-27T06:22:19
alta_gracia,2023-07,-4.748257469973361,-13.331490023290275,8.583232553316915,0.002228752221771657,7,7,0.1.0,2026-04-27T06:22:20
alta_gracia,2024-07,-4.520734916956489,-13.168001679099987,8.647266762143499,0.22752255301687185,7,7,0.1.0,2026-04-27T06:22:22
alta_gracia,2025-07,-3.978797415856581,-12.500207002676243,8.521409586819662,0.5419375010999086,8,8,0.1.0,2026-04-27T06:22:22
alta_gracia,2026-07,,,,,0,0,0.1.0,2026-04-27T06:22:23
bajada_vieja,2018-07,-5.573872999766892,-13.780079334327809,8.206206334560918,,8,8,0.1.0,2026-04-27T06:27:30
bajada_vieja,2019-07,-5.033820868633581,-13.408931781115975,8.375110912482395,0.5400521311333115,2,2,0.1.0,2026-04-27T06:27:30
bajada_vieja,2020-07,-4.255358043034444,-13.075454008872104,8.820095965837659,0.7784628255991368,6,6,0.1.0,2026-04-27T06:27:31
bajada_vieja,2021-07,-5.1355749771867405,-13.492557988437078,8.356983011250337,-0.8802169341522967,7,7,0.1.0,2026-04-27T06:27:32
bajada_vieja,2022-07,-4.87415485513181,-13.092578806956649,8.218423951824839,0.2614201220549308,3,3,0.1.0,2026-04-27T06:27:33
bajada_vieja,2023-07,-4.737403248694113,-12.928126959569617,8.190723710875504,0.1367516064376968,7,7,0.1.0,2026-04-27T06:27:34
bajada_vieja,2024-07,-4.683336813817175,-12.5554802028222,7.872143389005024,0.05406643487693774,7,7,0.1.0,2026-04-27T06:27:35
bajada_vieja,2025-07,-4.130670151824107,-12.190266759917751,8.059596608093644,0.5526666619930678,8,8,0.1.0,2026-04-27T06:27:37
bajada_vieja,2026-07,,,,,0,0,0.1.0,2026-04-27T06:27:38
centro,2018-07,-1.7336001336689453,-9.442347382832967,7.708747249164022,,8,8,0.1.0,2026-04-27T06:25:51
centro,2019-07,-1.3961320718860337,-9.039729459389577,7.643597387503543,0.33746806178291155,2,2,0.1.0,2026-04-27T06:25:52
centro,2020-07,-0.9338308258121154,-8.762764782810546,7.828933956998431,0.4623012460739183,6,6,0.1.0,2026-04-27T06:25:53
centro,2021-07,-1.4272338608356647,-9.078742981531686,7.651509120696021,-0.4934030350235493,7,7,0.1.0,2026-04-27T06:25:54
centro,2022-07,-1.4185634139629741,-8.973857524476871,7.5552941105138975,0.008670446872690585,3,3,0.1.0,2026-04-27T06:25:55
centro,2023-07,-1.430706296170907,-9.007533940705283,7.576827644534376,-0.012142882207932804,7,7,0.1.0,2026-04-27T06:25:56
centro,2024-07,-1.2898171974916683,-8.959770301768085,7.669953104276416,0.1408890986792386,7,7,0.1.0,2026-04-27T06:25:57
centro,2025-07,-1.162213809422129,-8.622251326968307,7.460037517546178,0.1276033880695393,8,8,0.1.0,2026-04-27T06:25:59
centro,2026-07,,,,,0,0,0.1.0,2026-04-27T06:26:00
chacra_32,2018-07,-2.989311932021626,-12.606264367133734,9.616952435112108,,8,8,0.1.0,2026-04-27T06:27:18
chacra_32,2019-07,-2.7105098302577755,-12.29715435941432,9.586644529156544,0.27880210176385045,2,2,0.1.0,2026-04-27T06:27:19
chacra_32,2020-07,-2.197863370142967,-11.710135129927576,9.512271759784609,0.5126464601148086,6,6,0.1.0,2026-04-27T06:27:20
chacra_32,2021-07,-2.777256781113955,-12.42079141811699,9.643534637003034,-0.579393410970988,7,7,0.1.0,2026-04-27T06:27:22
chacra_32,2022-07,-2.682174257004642,-12.189547772695581,9.50737351569094,0.09508252410931295,3,3,0.1.0,2026-04-27T06:27:23
chacra_32,2023-07,-2.676060767716957,-12.18218695748325,9.506126189766293,0.00611348928768507,7,7,0.1.0,2026-04-27T06:27:25
chacra_32,2024-07,-2.47868032757499,-12.086838277617444,9.608157950042454,0.19738044014196676,7,7,0.1.0,2026-04-27T06:27:27
chacra_32,2025-07,-2.597751061066683,-11.811892135469208,9.214141074402525,-0.11907073349169295,8,8,0.1.0,2026-04-27T06:27:28
chacra_32,2026-07,,,,,0,0,0.1.0,2026-04-27T06:27:29
cima_del_sol,2018-07,-8.501850211775825,-16.642275469082392,8.140425257306568,,8,8,0.1.0,2026-04-27T06:24:14
cima_del_sol,2019-07,-8.314703167333468,-16.0706030192703,7.755899851936833,0.18714704444235686,2,2,0.1.0,2026-04-27T06:24:15
cima_del_sol,2020-07,-7.221364126040527,-15.108760942736648,7.887396816696121,1.093339041292941,6,6,0.1.0,2026-04-27T06:24:16
cima_del_sol,2021-07,-8.093183833344536,-16.332910644175744,8.239726810831208,-0.8718197073040095,7,7,0.1.0,2026-04-27T06:24:17
cima_del_sol,2022-07,-7.533108898320822,-15.682923107071936,8.149814208751113,0.5600749350237146,3,3,0.1.0,2026-04-27T06:24:18
cima_del_sol,2023-07,-7.329504297640062,-15.354252106551765,8.024747808911703,0.2036046006807597,7,7,0.1.0,2026-04-27T06:24:18
cima_del_sol,2024-07,-7.353210805261665,-15.186083945717755,7.83287314045609,-0.0237065076216032,7,7,0.1.0,2026-04-27T06:24:19
cima_del_sol,2025-07,-6.945142226655015,-14.883166967266108,7.938024740611093,0.4080685786066498,8,8,0.1.0,2026-04-27T06:24:20
cima_del_sol,2026-07,,,,,0,0,0.1.0,2026-04-27T06:24:22
colonia_laosiana,2018-07,-11.05574707188863,-17.53445618324005,6.478709111351419,,8,8,0.1.0,2026-04-27T06:21:11
colonia_laosiana,2019-07,-10.77173051737643,-16.96289282667102,6.19116230929459,0.28401655451220087,2,2,0.1.0,2026-04-27T06:21:11
colonia_laosiana,2020-07,-9.996937613962857,-15.652830597471088,5.655892983508231,0.774792903413573,6,6,0.1.0,2026-04-27T06:21:13
colonia_laosiana,2021-07,-11.054749801351198,-17.00676998813174,5.952020186780542,-1.0578121873883415,7,7,0.1.0,2026-04-27T06:21:14
colonia_laosiana,2022-07,-10.692541188873852,-16.657207889064782,5.96466670019093,0.36220861247734604,3,3,0.1.0,2026-04-27T06:21:15
colonia_laosiana,2023-07,-10.369966348685987,-16.14410305824151,5.774136709555522,0.3225748401878654,7,7,0.1.0,2026-04-27T06:21:16
colonia_laosiana,2024-07,-10.332757958501997,-15.802521920312078,5.469763961810081,0.03720839018398969,7,7,0.1.0,2026-04-27T06:21:20
colonia_laosiana,2025-07,-10.267819673491491,-15.430717701400631,5.16289802790914,0.06493828501050558,8,8,0.1.0,2026-04-27T06:21:21
colonia_laosiana,2026-07,,,,,0,0,0.1.0,2026-04-27T06:21:24
complejo_gervasio_artigas,2018-07,-10.821363230254784,-16.564149830806475,5.742786600551691,,8,8,0.1.0,2026-04-27T06:26:00
complejo_gervasio_artigas,2019-07,-10.456524948585749,-15.829995218553083,5.373470269967335,0.3648382816690354,2,2,0.1.0,2026-04-27T06:26:02
complejo_gervasio_artigas,2020-07,-9.210724917056346,-14.876394154044641,5.665669236988295,1.2458000315294022,6,6,0.1.0,2026-04-27T06:26:03
complejo_gervasio_artigas,2021-07,-10.538951539157242,-16.14751963470576,5.608568095548517,-1.328226622100896,7,7,0.1.0,2026-04-27T06:26:04
complejo_gervasio_artigas,2022-07,-10.008549510052822,-15.382932680796866,5.374383170744045,0.5304020291044207,3,3,0.1.0,2026-04-27T06:26:06
complejo_gervasio_artigas,2023-07,-9.726429297674017,-15.04826049409539,5.321831196421373,0.28212021237880514,7,7,0.1.0,2026-04-27T06:26:07
complejo_gervasio_artigas,2024-07,-9.72111190168032,-15.043601940535005,5.322490038854685,0.0053173959936962945,7,7,0.1.0,2026-04-27T06:26:10
complejo_gervasio_artigas,2025-07,-9.553418433555246,-14.84542205303197,5.2920036194767235,0.16769346812507457,8,8,0.1.0,2026-04-27T06:26:11
complejo_gervasio_artigas,2026-07,,,,,0,0,0.1.0,2026-04-27T06:26:13
complejo_habitacional_virgen_de_fatima,2018-07,-6.332680393435737,-15.481199903565585,9.148519510129848,,8,8,0.1.0,2026-04-27T06:23:45
complejo_habitacional_virgen_de_fatima,2019-07,-5.7317770827725845,-15.11012150784266,9.378344425070075,0.6009033106631527,2,2,0.1.0,2026-04-27T06:23:47
complejo_habitacional_virgen_de_fatima,2020-07,-5.7868116687977444,-14.861824144449983,9.075012475652239,-0.05503458602515998,6,6,0.1.0,2026-04-27T06:23:48
complejo_habitacional_virgen_de_fatima,2021-07,-6.391674290020958,-15.360091550183782,8.968417260162823,-0.604862621223214,7,7,0.1.0,2026-04-27T06:23:49
complejo_habitacional_virgen_de_fatima,2022-07,-6.341847943952951,-14.936649814751357,8.594801870798406,0.04982634606800751,3,3,0.1.0,2026-04-27T06:23:51
complejo_habitacional_virgen_de_fatima,2023-07,-6.098597673577093,-14.76135142753305,8.662753753955958,0.24325027037585834,7,7,0.1.0,2026-04-27T06:23:52
complejo_habitacional_virgen_de_fatima,2024-07,-6.252136814582933,-14.73325749910436,8.481120684521427,-0.1535391410058402,7,7,0.1.0,2026-04-27T06:23:54
complejo_habitacional_virgen_de_fatima,2025-07,-6.058463174917757,-14.504723526116072,8.446260351198315,0.19367363966517548,8,8,0.1.0,2026-04-27T06:23:55
complejo_habitacional_virgen_de_fatima,2026-07,,,,,0,0,0.1.0,2026-04-27T06:23:56
don_santiago,2018-07,-8.588582099666011,-15.48892236381815,6.900340264152138,,8,8,0.1.0,2026-04-27T06:25:01
don_santiago,2019-07,-8.313735070792934,-15.231243046794326,6.917507976001392,0.27484702887307755,2,2,0.1.0,2026-04-27T06:25:16
don_santiago,2020-07,-7.277437003963457,-13.996566393235959,6.719129389272502,1.0362980668294766,6,6,0.1.0,2026-04-27T06:25:17
don_santiago,2021-07,-8.665624427998832,-15.20448711321949,6.538862685220657,-1.388187424035375,7,7,0.1.0,2026-04-27T06:25:18
don_santiago,2022-07,-8.500853046586759,-14.748238300960526,6.247385254373768,0.16477138141207348,3,3,0.1.0,2026-04-27T06:25:18
don_santiago,2023-07,-8.187894893880843,-14.501354358076561,6.313459464195718,0.31295815270591554,7,7,0.1.0,2026-04-27T06:25:19
don_santiago,2024-07,-8.119448776619194,-14.429809277676807,6.3103605010576125,0.06844611726164906,7,7,0.1.0,2026-04-27T06:25:20
don_santiago,2025-07,-8.00781192081579,-14.27605606128398,6.268244140468189,0.11163685580340399,8,8,0.1.0,2026-04-27T06:25:21
don_santiago,2026-07,,,,,0,0,0.1.0,2026-04-27T06:25:21
el_brete,2018-07,-5.84093411852916,-14.73760154750777,8.89666742897861,,8,8,0.1.0,2026-04-27T06:22:46
el_brete,2019-07,-5.543421815765907,-14.32108296548924,8.777661149723333,0.2975123027632529,2,2,0.1.0,2026-04-27T06:22:48
el_brete,2020-07,-4.930330818565154,-13.995326182786744,9.064995364221591,0.6130909972007528,6,6,0.1.0,2026-04-27T06:22:49
el_brete,2021-07,-5.0667708134117495,-14.344054615490458,9.27728380207871,-0.13643999484659552,7,7,0.1.0,2026-04-27T06:22:50
el_brete,2022-07,-5.098570543784771,-13.968328858075976,8.869758314291206,-0.031799730373021085,3,3,0.1.0,2026-04-27T06:22:50
el_brete,2023-07,-5.090258411448801,-14.046507290154317,8.956248878705516,0.008312132335969835,7,7,0.1.0,2026-04-27T06:22:51
el_brete,2024-07,-4.866217083259972,-13.86946222553207,9.003245142272098,0.22404132818882871,7,7,0.1.0,2026-04-27T06:22:52
el_brete,2025-07,-4.714725322710796,-13.15199505810564,8.437269735394844,0.15149176054917568,8,8,0.1.0,2026-04-27T06:22:54
el_brete,2026-07,,,,,0,0,0.1.0,2026-04-27T06:22:55
el_laurel,2018-07,-7.729580795261023,-15.049628274304103,7.3200474790430805,,8,8,0.1.0,2026-04-27T06:24:06
el_laurel,2019-07,-7.511478799888357,-14.682363923811636,7.170885123923279,0.21810199537266595,2,2,0.1.0,2026-04-27T06:24:07
el_laurel,2020-07,-6.676061541647944,-14.201813971791193,7.525752430143249,0.8354172582404127,6,6,0.1.0,2026-04-27T06:24:08
el_laurel,2021-07,-7.3917509760470335,-14.905396621498959,7.513645645451925,-0.7156894343990894,7,7,0.1.0,2026-04-27T06:24:08
el_laurel,2022-07,-7.022777605308137,-14.418136366638814,7.395358761330677,0.368973370738896,3,3,0.1.0,2026-04-27T06:24:10
el_laurel,2023-07,-7.0056479561402725,-14.515504184947893,7.509856228807621,0.01712964916786497,7,7,0.1.0,2026-04-27T06:24:11
el_laurel,2024-07,-7.065554820937812,-14.418612359339562,7.3530575384017505,-0.05990686479753915,7,7,0.1.0,2026-04-27T06:24:12
el_laurel,2025-07,-6.862832709302288,-14.363593092534144,7.500760383231856,0.20272211163552356,8,8,0.1.0,2026-04-27T06:24:13
el_laurel,2026-07,,,,,0,0,0.1.0,2026-04-27T06:24:14
el_palomar,2018-07,-1.9025228616523062,-10.588695042711391,8.686172181059085,,8,8,0.1.0,2026-04-27T06:22:09
el_palomar,2019-07,-2.002224067972917,-10.478299660090006,8.476075592117088,-0.09970120632061086,2,2,0.1.0,2026-04-27T06:22:10
el_palomar,2020-07,-1.4475624123715898,-10.017778950289852,8.570216537918263,0.5546616556013273,6,6,0.1.0,2026-04-27T06:22:10
el_palomar,2021-07,-1.9149693648588204,-10.533855080066408,8.618885715207588,-0.46740695248723063,7,7,0.1.0,2026-04-27T06:22:11
el_palomar,2022-07,-1.7337088937491127,-10.115579462533278,8.381870568784166,0.18126047110970767,3,3,0.1.0,2026-04-27T06:22:12
el_palomar,2023-07,-1.7736703688400677,-10.213569653956554,8.439899285116487,-0.039961475090954934,7,7,0.1.0,2026-04-27T06:22:13
el_palomar,2024-07,-1.677748155445533,-10.103103711631933,8.4253555561864,0.09592221339453477,7,7,0.1.0,2026-04-27T06:22:14
el_palomar,2025-07,-1.4729283096754984,-9.832182733407901,8.359254423732402,0.20481984577003454,8,8,0.1.0,2026-04-27T06:22:15
el_palomar,2026-07,,,,,0,0,0.1.0,2026-04-27T06:22:15
fatima,2018-07,-9.713102840358898,-15.539898187611785,5.826795347252887,,8,8,0.1.0,2026-04-27T06:24:50
fatima,2019-07,-9.56454861231501,-14.975114329106148,5.4105657167911385,0.14855422804388851,2,2,0.1.0,2026-04-27T06:24:51
fatima,2020-07,-8.769307505335863,-14.481345288841103,5.71203778350524,0.7952411069791463,6,6,0.1.0,2026-04-27T06:24:52
fatima,2021-07,-9.599698903574147,-15.046849048469523,5.447150144895376,-0.8303913982382838,7,7,0.1.0,2026-04-27T06:24:53
fatima,2022-07,-9.22822654374102,-14.493290108344983,5.265063564603963,0.37147235983312754,3,3,0.1.0,2026-04-27T06:24:54
fatima,2023-07,-8.873826682456517,-14.301567669234608,5.42774098677809,0.3543998612845023,7,7,0.1.0,2026-04-27T06:24:55
fatima,2024-07,-9.011489237424419,-14.228915905424504,5.217426668000085,-0.13766255496790158,7,7,0.1.0,2026-04-27T06:24:56
fatima,2025-07,-8.690375860838518,-13.995548156104583,5.305172295266065,0.32111337658590067,8,8,0.1.0,2026-04-27T06:25:00
fatima,2026-07,,,,,0,0,0.1.0,2026-04-27T06:25:01
federal,2018-07,-11.500663383360571,-18.19009925016942,6.68943586680885,,8,8,0.1.0,2026-04-27T06:26:13
federal,2019-07,-11.148598596803707,-17.508427907755816,6.35982931095211,0.35206478655686446,2,2,0.1.0,2026-04-27T06:26:14
federal,2020-07,-10.01306633997666,-16.342292216082065,6.329225876105404,1.1355322568270463,6,6,0.1.0,2026-04-27T06:26:15
federal,2021-07,-11.210850318494474,-17.867624294008458,6.656773975513984,-1.1977839785178137,7,7,0.1.0,2026-04-27T06:26:16
federal,2022-07,-10.651252531412982,-16.799058959941796,6.147806428528813,0.5595977870814917,3,3,0.1.0,2026-04-27T06:26:17
federal,2023-07,-10.332973043314645,-16.473473593394246,6.140500550079601,0.3182794880983373,7,7,0.1.0,2026-04-27T06:26:19
federal,2024-07,-10.315240169795993,-16.552895506477864,6.23765533668187,0.017732873518651715,7,7,0.1.0,2026-04-27T06:26:20
federal,2025-07,-10.17877477948127,-16.35189979316018,6.173125013678909,0.13646539031472393,8,8,0.1.0,2026-04-27T06:26:21
federal,2026-07,,,,,0,0,0.1.0,2026-04-27T06:26:22
itaembe_guazu,2018-07,-10.512896380498805,-19.502599797766187,8.989703417267382,,8,8,0.1.0,2026-04-27T06:27:48
itaembe_guazu,2019-07,-9.406162734380697,-18.85089255475704,9.444729820376342,1.1067336461181085,2,2,0.1.0,2026-04-27T06:27:50
itaembe_guazu,2020-07,-7.471238229895453,-17.144979966833933,9.67374173693848,1.9349245044852434,6,6,0.1.0,2026-04-27T06:27:52
itaembe_guazu,2021-07,-8.542145219597606,-18.392217396045282,9.850072176447677,-1.0709069897021521,7,7,0.1.0,2026-04-27T06:27:53
itaembe_guazu,2022-07,-7.7777096523686,-17.311963681370575,9.534254029001975,0.7644355672290057,3,3,0.1.0,2026-04-27T06:27:55
itaembe_guazu,2023-07,-7.291002524024681,-16.987144490167317,9.696141966142637,0.4867071283439186,7,7,0.1.0,2026-04-27T06:27:57
itaembe_guazu,2024-07,-6.659879991455117,-16.285788549466943,9.625908558011826,0.631122532569564,7,7,0.1.0,2026-04-27T06:27:59
itaembe_guazu,2025-07,-6.321834896567703,-15.566137490028957,9.244302593461255,0.3380450948874145,8,8,0.1.0,2026-04-27T06:28:00
itaembe_guazu,2026-07,,,,,0,0,0.1.0,2026-04-27T06:28:02
itaembe_mini,2018-07,-3.864280774783646,-17.217972206035903,13.353691431252257,,8,8,0.1.0,2026-04-27T06:26:57
itaembe_mini,2019-07,-3.106652415087632,-16.814429762059838,13.707777346972206,0.7576283596960143,2,2,0.1.0,2026-04-27T06:26:58
itaembe_mini,2020-07,-0.6671186193220309,-15.983293906284608,15.316175286962578,2.439533795765601,6,6,0.1.0,2026-04-27T06:26:59
itaembe_mini,2021-07,-3.2071251502155214,-17.08545888191379,13.87833373169827,-2.5400065308934905,7,7,0.1.0,2026-04-27T06:27:00
itaembe_mini,2022-07,-3.127463533594942,-16.54416608296127,13.416702549366327,0.07966161662057925,3,3,0.1.0,2026-04-27T06:27:01
itaembe_mini,2023-07,-2.7898031183265766,-16.36293027119561,13.573127152869032,0.33766041526836554,7,7,0.1.0,2026-04-27T06:27:02
itaembe_mini,2024-07,-2.349139969969277,-16.29905214527461,13.949912175305334,0.4406631483572996,7,7,0.1.0,2026-04-27T06:27:03
itaembe_mini,2025-07,-2.1661320135070445,-15.970802920893101,13.804670907386058,0.18300795646223245,8,8,0.1.0,2026-04-27T06:27:04
itaembe_mini,2026-07,,,,,0,0,0.1.0,2026-04-27T06:27:05
itaembe_pora,2018-07,-1.6336144474365935,-17.254195735465508,15.620581288028914,,8,8,0.1.0,2026-04-27T06:26:46
itaembe_pora,2019-07,-0.9138066775727228,-16.829900627672984,15.916093950100262,0.7198077698638706,2,2,0.1.0,2026-04-27T06:26:48
itaembe_pora,2020-07,1.2301964309862028,-16.023167959640766,17.25336439062697,2.1440031085589255,6,6,0.1.0,2026-04-27T06:26:49
itaembe_pora,2021-07,-1.1295157786672152,-16.957936651094776,15.82842087242756,-2.359712209653418,7,7,0.1.0,2026-04-27T06:26:51
itaembe_pora,2022-07,-1.1702294806397961,-16.56812638673514,15.397896906095346,-0.04071370197258095,3,3,0.1.0,2026-04-27T06:26:52
itaembe_pora,2023-07,-0.5293198466006759,-16.411031470659807,15.881711624059133,0.6409096340391203,7,7,0.1.0,2026-04-27T06:26:53
itaembe_pora,2024-07,-0.335940232185834,-16.32506616746715,15.989125935281315,0.19337961441484186,7,7,0.1.0,2026-04-27T06:26:55
itaembe_pora,2025-07,-0.016908909392549826,-15.954764614447768,15.937855705055219,0.31903132279328417,8,8,0.1.0,2026-04-27T06:26:56
itaembe_pora,2026-07,,,,,0,0,0.1.0,2026-04-27T06:26:57
las_dolores,2018-07,-7.72847907487252,-15.957805066156151,8.22932599128363,,8,8,0.1.0,2026-04-27T06:22:01
las_dolores,2019-07,-7.49632541234056,-15.434386429499213,7.938061017158653,0.23215366253196024,2,2,0.1.0,2026-04-27T06:22:03
las_dolores,2020-07,-6.66889442742999,-14.542712298113024,7.873817870683034,0.8274309849105697,6,6,0.1.0,2026-04-27T06:22:03
las_dolores,2021-07,-7.47290275903978,-15.541739486610606,8.068836727570826,-0.8040083316097899,7,7,0.1.0,2026-04-27T06:22:04
las_dolores,2022-07,-7.391908912136069,-15.074743795068361,7.682834882932292,0.08099384690371103,3,3,0.1.0,2026-04-27T06:22:05
las_dolores,2023-07,-7.029051600560443,-15.120384232163621,8.091332631603178,0.36285731157562573,7,7,0.1.0,2026-04-27T06:22:05
las_dolores,2024-07,-7.018782612233217,-14.972792487629562,7.954009875396345,0.010268988327226225,7,7,0.1.0,2026-04-27T06:22:06
las_dolores,2025-07,-7.014754413474296,-14.905232471011299,7.8904780575370035,0.004028198758921242,8,8,0.1.0,2026-04-27T06:22:07
las_dolores,2026-07,,,,,0,0,0.1.0,2026-04-27T06:22:08
lomas_de_garupa,2018-07,-9.596231327443897,-16.296043813130314,6.699812485686417,,8,8,0.1.0,2026-04-27T06:24:30
lomas_de_garupa,2019-07,-9.32477671659619,-15.604871880555883,6.280095163959693,0.27145461084770695,2,2,0.1.0,2026-04-27T06:24:31
lomas_de_garupa,2020-07,-8.025557435526922,-14.54897615165677,6.523418716129848,1.2992192810692682,6,6,0.1.0,2026-04-27T06:24:32
lomas_de_garupa,2021-07,-9.029521310737614,-15.408081336133385,6.378560025395771,-1.003963875210692,7,7,0.1.0,2026-04-27T06:24:33
lomas_de_garupa,2022-07,-8.768711230220479,-14.929796258777603,6.161085028557125,0.2608100805171354,3,3,0.1.0,2026-04-27T06:24:34
lomas_de_garupa,2023-07,-8.39633798233124,-14.577145939916118,6.180807957584879,0.3723732478892394,7,7,0.1.0,2026-04-27T06:24:35
lomas_de_garupa,2024-07,-8.219987684996617,-14.395066098339662,6.175078413343044,0.17635029733462204,7,7,0.1.0,2026-04-27T06:24:37
lomas_de_garupa,2025-07,-7.995171465226529,-13.863880781800884,5.868709316574354,0.22481621977008803,8,8,0.1.0,2026-04-27T06:24:38
lomas_de_garupa,2026-07,,,,,0,0,0.1.0,2026-04-27T06:24:39
luis_piedrabuena,2018-07,-6.967046813595604,-15.39439225034105,8.427345436745448,,8,8,0.1.0,2026-04-27T06:22:59
luis_piedrabuena,2019-07,-6.6328741130560775,-14.99115110053662,8.358276987480542,0.3341727005395265,2,2,0.1.0,2026-04-27T06:22:59
luis_piedrabuena,2020-07,-6.092008057902096,-14.373795323894482,8.281787265992385,0.5408660551539812,6,6,0.1.0,2026-04-27T06:23:00
luis_piedrabuena,2021-07,-7.072900972828622,-15.133212440882946,8.060311468054325,-0.9808929149265255,7,7,0.1.0,2026-04-27T06:23:01
luis_piedrabuena,2022-07,-6.7126290427030435,-14.835787134730477,8.123158092027435,0.36027193012557834,3,3,0.1.0,2026-04-27T06:23:02
luis_piedrabuena,2023-07,-6.558024291911867,-14.690175063142474,8.132150771230608,0.15460475079117675,7,7,0.1.0,2026-04-27T06:23:03
luis_piedrabuena,2024-07,-6.445918681970061,-14.561545859134073,8.115627177164011,0.11210560994180607,7,7,0.1.0,2026-04-27T06:23:04
luis_piedrabuena,2025-07,-6.49338641736407,-14.509075067359515,8.015688649995445,-0.04746773539400895,8,8,0.1.0,2026-04-27T06:23:06
luis_piedrabuena,2026-07,,,,,0,0,0.1.0,2026-04-27T06:23:06
miguel_lanus,2018-07,-6.755921265972153,-12.758409511747853,6.002488245775701,,8,8,0.1.0,2026-04-27T06:25:31
miguel_lanus,2019-07,-6.721808637990639,-12.470401360157448,5.7485927221668085,0.03411262798151338,2,2,0.1.0,2026-04-27T06:25:32
miguel_lanus,2020-07,-6.017810234527399,-12.239982271025111,6.222172036497712,0.70399840346324,6,6,0.1.0,2026-04-27T06:25:33
miguel_lanus,2021-07,-7.034245770760165,-12.64648019365503,5.612234422894865,-1.0164355362327662,7,7,0.1.0,2026-04-27T06:25:34
miguel_lanus,2022-07,-6.4256494695576105,-11.956689842062293,5.531040372504682,0.6085963012025548,3,3,0.1.0,2026-04-27T06:25:35
miguel_lanus,2023-07,-6.26499402167941,-11.952510254301135,5.687516232621725,0.16065544787820052,7,7,0.1.0,2026-04-27T06:25:36
miguel_lanus,2024-07,-6.208595366963778,-11.940887199209369,5.732291832245591,0.05639865471563166,7,7,0.1.0,2026-04-27T06:25:37
miguel_lanus,2025-07,-6.110855006861454,-11.70487802632438,5.5940230194629255,0.0977403601023239,8,8,0.1.0,2026-04-27T06:25:39
miguel_lanus,2026-07,,,,,0,0,0.1.0,2026-04-27T06:25:40
monsenor_kemerer,2018-07,-5.403112917402567,-14.64654642114665,9.243433503744082,,8,8,0.1.0,2026-04-27T06:23:14
monsenor_kemerer,2019-07,-5.059793290645926,-14.272703522473515,9.212910231827589,0.3433196267566414,2,2,0.1.0,2026-04-27T06:23:15
monsenor_kemerer,2020-07,-4.463570845738518,-13.740121928190325,9.276551082451807,0.5962224449074078,6,6,0.1.0,2026-04-27T06:23:16
monsenor_kemerer,2021-07,-5.013716263182263,-14.399665595867216,9.385949332684952,-0.550145417443745,7,7,0.1.0,2026-04-27T06:23:16
monsenor_kemerer,2022-07,-5.027206245147491,-14.218607190082885,9.191400944935394,-0.013489981965228104,3,3,0.1.0,2026-04-27T06:23:18
monsenor_kemerer,2023-07,-5.012364449648137,-14.204847603910336,9.192483154262199,0.014841795499354049,7,7,0.1.0,2026-04-27T06:23:19
monsenor_kemerer,2024-07,-4.740407547478232,-13.925605415203284,9.185197867725051,0.2719569021699053,7,7,0.1.0,2026-04-27T06:23:19
monsenor_kemerer,2025-07,-4.721766111322934,-13.679563787628899,8.957797676305965,0.01864143615529823,8,8,0.1.0,2026-04-27T06:23:20
monsenor_kemerer,2026-07,,,,,0,0,0.1.0,2026-04-27T06:23:21
nemesio_parma,2018-07,-11.838106747422659,-18.399582326295334,6.561475578872676,,8,8,0.1.0,2026-04-27T06:26:23
nemesio_parma,2019-07,-11.397026374009116,-17.49435889534676,6.097332521337645,0.4410803734135431,2,2,0.1.0,2026-04-27T06:26:26
nemesio_parma,2020-07,-10.448359098567446,-16.574258444706487,6.125899346139041,0.9486672754416698,6,6,0.1.0,2026-04-27T06:26:26
nemesio_parma,2021-07,-11.191528815535596,-17.733827871728845,6.542299056193249,-0.7431697169681506,7,7,0.1.0,2026-04-27T06:26:29
nemesio_parma,2022-07,-10.601987583990336,-16.566193598948885,5.964206014958549,0.58954123154526,3,3,0.1.0,2026-04-27T06:26:30
nemesio_parma,2023-07,-10.622936154230057,-16.64611294259266,6.023176788362601,-0.020948570239720965,7,7,0.1.0,2026-04-27T06:26:31
nemesio_parma,2024-07,-10.557815520403679,-16.555260901256695,5.997445380853016,0.06512063382637834,7,7,0.1.0,2026-04-27T06:26:32
nemesio_parma,2025-07,-10.198495075854087,-16.062420982233125,5.863925906379038,0.3593204445495921,8,8,0.1.0,2026-04-27T06:26:33
nemesio_parma,2026-07,,,,,0,0,0.1.0,2026-04-27T06:26:35
norte,2018-07,-9.923441120713658,-16.284062861168437,6.3606217404547785,,8,8,0.1.0,2026-04-27T06:25:41
norte,2019-07,-9.618537247247797,-15.597934735005419,5.9793974877576215,0.3049038734658609,2,2,0.1.0,2026-04-27T06:25:42
norte,2020-07,-8.826477681856858,-14.90043761961565,6.073959937758792,0.7920595653909395,6,6,0.1.0,2026-04-27T06:25:43
norte,2021-07,-9.783753479870317,-16.09730898103514,6.313555501164824,-0.957275798013459,7,7,0.1.0,2026-04-27T06:25:44
norte,2022-07,-9.158675810623683,-15.393479681469767,6.2348038708460845,0.6250776692466342,3,3,0.1.0,2026-04-27T06:25:46
norte,2023-07,-8.796812412527657,-15.090860932040677,6.294048519513019,0.3618633980960251,7,7,0.1.0,2026-04-27T06:25:47
norte,2024-07,-9.042574034109784,-15.185685788287412,6.143111754177628,-0.2457616215821261,7,7,0.1.0,2026-04-27T06:25:48
norte,2025-07,-8.876722347431274,-15.16350095008905,6.286778602657776,0.16585168667850958,8,8,0.1.0,2026-04-27T06:25:49
norte,2026-07,,,,,0,0,0.1.0,2026-04-27T06:25:51
nu_pora,2018-07,-9.64848112129435,-14.512090244665394,4.8636091233710435,,8,8,0.1.0,2026-04-27T06:25:22
nu_pora,2019-07,-9.257162897070026,-13.987082808053197,4.72991991098317,0.3913182242243245,2,2,0.1.0,2026-04-27T06:25:23
nu_pora,2020-07,-8.307562390942298,-13.573188970314135,5.265626579371837,0.9496005061277284,6,6,0.1.0,2026-04-27T06:25:24
nu_pora,2021-07,-9.4182205353668,-13.947164440558522,4.528943905191722,-1.1106581444245016,7,7,0.1.0,2026-04-27T06:25:25
nu_pora,2022-07,-9.135768803146174,-13.470717811896606,4.334949008750431,0.2824517322206255,3,3,0.1.0,2026-04-27T06:25:26
nu_pora,2023-07,-8.808201388625951,-13.3449115604813,4.536710171855349,0.32756741452022275,7,7,0.1.0,2026-04-27T06:25:28
nu_pora,2024-07,-8.863200492980166,-13.212847665954166,4.3496471729740005,-0.05499910435421462,7,7,0.1.0,2026-04-27T06:25:28
nu_pora,2025-07,-8.5333827631067,-13.010315972390728,4.476933209284029,0.3298177298734668,8,8,0.1.0,2026-04-27T06:25:30
nu_pora,2026-07,,,,,0,0,0.1.0,2026-04-27T06:25:30
posadas_completa,2018-07,-5.7495748657156645,-15.377493609659204,9.627918743943539,,8,8,0.1.0,2026-04-27T06:28:02
posadas_completa,2019-07,-5.677525960595922,-14.916892598323766,9.239366637727844,0.07204890511974238,2,2,0.1.0,2026-04-27T06:28:14
posadas_completa,2020-07,-4.626911369105381,-14.207075322052242,9.580163952946862,1.0506145914905414,6,6,0.1.0,2026-04-27T06:28:19
posadas_completa,2021-07,-5.910560167293926,-15.034816123992297,9.12425595669837,-1.283648798188545,7,7,0.1.0,2026-04-27T06:28:26
posadas_completa,2022-07,-5.713449484813293,-14.565154760958293,8.851705276145001,0.19711068248063235,3,3,0.1.0,2026-04-27T06:28:38
posadas_completa,2023-07,-5.56232247046893,-14.452198262621078,8.889875792152148,0.1511270143443637,7,7,0.1.0,2026-04-27T06:28:44
posadas_completa,2024-07,-5.401917303277201,-14.326417103749476,8.924499800472276,0.16040516719172881,7,7,0.1.0,2026-04-27T06:28:55
posadas_completa,2025-07,-5.273169224459766,-13.995448503080656,8.72227927862089,0.1287480788174351,8,8,0.1.0,2026-04-27T06:29:09
posadas_completa,2026-07,,,,,0,0,0.1.0,2026-04-27T06:29:19
rocamora,2018-07,-3.506660763985363,-13.529205957157696,10.022545193172334,,8,8,0.1.0,2026-04-27T06:23:21
rocamora,2019-07,-3.0748724317032936,-12.536500084290395,9.4616276525871,0.4317883322820695,2,2,0.1.0,2026-04-27T06:23:24
rocamora,2020-07,-2.6754358931941473,-12.149985266524414,9.474549373330266,0.3994365385091463,6,6,0.1.0,2026-04-27T06:23:25
rocamora,2021-07,-3.255197436952904,-12.901534186787577,9.646336749834674,-0.5797615437587567,7,7,0.1.0,2026-04-27T06:23:26
rocamora,2022-07,-3.0731433688251,-12.583284676557867,9.510141307732766,0.18205406812780378,3,3,0.1.0,2026-04-27T06:23:26
rocamora,2023-07,-3.063337265652061,-12.614599933372117,9.551262667720056,0.009806103173039205,7,7,0.1.0,2026-04-27T06:23:27
rocamora,2024-07,-2.933330850368983,-12.385046123317549,9.451715272948565,0.130006415283078,7,7,0.1.0,2026-04-27T06:23:28
rocamora,2025-07,-2.9411462064431366,-12.210299401386052,9.269153194942916,-0.007815356074153623,8,8,0.1.0,2026-04-27T06:23:29
rocamora,2026-07,,,,,0,0,0.1.0,2026-04-27T06:23:30
san_isidro,2018-07,-9.555099151929134,-15.188692283073626,5.633593131144492,,8,8,0.1.0,2026-04-27T06:24:22
san_isidro,2019-07,-9.03072375062221,-14.742595575923172,5.711871825300962,0.5243754013069246,2,2,0.1.0,2026-04-27T06:24:23
san_isidro,2020-07,-7.572447916072445,-13.897111548459012,6.324663632386567,1.4582758345497648,6,6,0.1.0,2026-04-27T06:24:24
san_isidro,2021-07,-9.363068569876479,-14.817112801055035,5.454044231178557,-1.7906206538040337,7,7,0.1.0,2026-04-27T06:24:25
san_isidro,2022-07,-9.091248362575678,-14.58431568900429,5.493067326428612,0.2718202073008005,3,3,0.1.0,2026-04-27T06:24:26
san_isidro,2023-07,-8.329918016687754,-14.205818701832682,5.875900685144927,0.7613303458879237,7,7,0.1.0,2026-04-27T06:24:27
san_isidro,2024-07,-8.646861119683143,-14.178073656932153,5.53121253724901,-0.3169431029953884,7,7,0.1.0,2026-04-27T06:24:28
san_isidro,2025-07,-8.3966354973912,-13.733457403618733,5.336821906227533,0.2502256222919428,8,8,0.1.0,2026-04-27T06:24:29
san_isidro,2026-07,,,,,0,0,0.1.0,2026-04-27T06:24:30
san_jorge,2018-07,-7.108262590663596,-13.997751734699175,6.889489144035579,,8,8,0.1.0,2026-04-27T06:21:24
san_jorge,2019-07,-6.775668339546312,-13.301593233311252,6.525924893764939,0.3325942511172837,2,2,0.1.0,2026-04-27T06:21:25
san_jorge,2020-07,-5.613534498502387,-12.678243685340886,7.064709186838499,1.162133841043925,6,6,0.1.0,2026-04-27T06:21:26
san_jorge,2021-07,-6.73225241305354,-13.484141755262113,6.751889342208574,-1.1187179145511523,7,7,0.1.0,2026-04-27T06:21:27
san_jorge,2022-07,-6.450890083772269,-13.176748431926919,6.72585834815465,0.28136232928127036,3,3,0.1.0,2026-04-27T06:21:28
san_jorge,2023-07,-6.308596864953701,-13.212092734844285,6.903495869890584,0.14229321881856816,7,7,0.1.0,2026-04-27T06:21:29
san_jorge,2024-07,-6.545407819152547,-13.262726881650039,6.717319062497492,-0.23681095419884546,7,7,0.1.0,2026-04-27T06:21:30
san_jorge,2025-07,-6.556645408549122,-13.083416836349544,6.526771427800422,-0.011237589396575487,8,8,0.1.0,2026-04-27T06:21:31
san_jorge,2026-07,,,,,0,0,0.1.0,2026-04-27T06:21:33
san_lucas,2018-07,-6.855432280894156,-15.484642180264563,8.629209899370407,,8,8,0.1.0,2026-04-27T06:23:07
san_lucas,2019-07,-6.4686301267943005,-15.114629168010437,8.645999041216136,0.38680215409985585,2,2,0.1.0,2026-04-27T06:23:08
san_lucas,2020-07,-5.711496513875654,-14.420834321417997,8.709337807542344,0.7571336129186461,6,6,0.1.0,2026-04-27T06:23:08
san_lucas,2021-07,-6.28868177029271,-15.119789419256737,8.831107648964027,-0.5771852564170556,7,7,0.1.0,2026-04-27T06:23:09
san_lucas,2022-07,-6.23720390971097,-14.885388708510217,8.648184798799246,0.05147786058174031,3,3,0.1.0,2026-04-27T06:23:10
san_lucas,2023-07,-6.016941080030508,-14.541883966409792,8.524942886379284,0.22026282968046207,7,7,0.1.0,2026-04-27T06:23:11
san_lucas,2024-07,-5.687709294226142,-14.431834696303161,8.74412540207702,0.32923178580436563,7,7,0.1.0,2026-04-27T06:23:12
san_lucas,2025-07,-5.8090607349441274,-14.236029553964546,8.426968819020418,-0.12135144071798543,8,8,0.1.0,2026-04-27T06:23:13
san_lucas,2026-07,,,,,0,0,0.1.0,2026-04-27T06:23:14
san_marcos,2018-07,-2.159256520721324,-14.77246035935371,12.613203838632387,,8,8,0.1.0,2026-04-27T06:21:53
san_marcos,2019-07,-2.173842168333323,-14.538110753308622,12.3642685849753,-0.014585647611998986,2,2,0.1.0,2026-04-27T06:21:54
san_marcos,2020-07,-1.738221741327609,-13.688076320774446,11.949854579446837,0.4356204270057138,6,6,0.1.0,2026-04-27T06:21:55
san_marcos,2021-07,-1.7240992041192555,-14.346750643928921,12.622651439809665,0.014122537208353547,7,7,0.1.0,2026-04-27T06:21:56
san_marcos,2022-07,-1.775984487102846,-14.273076774973244,12.497092287870398,-0.05188528298359052,3,3,0.1.0,2026-04-27T06:21:57
san_marcos,2023-07,-1.6900920246649513,-13.837677286088141,12.14758526142319,0.08589246243789472,7,7,0.1.0,2026-04-27T06:21:58
san_marcos,2024-07,-0.5617837329222847,-12.361644688860354,11.799860955938069,1.1283082917426666,7,7,0.1.0,2026-04-27T06:21:59
san_marcos,2025-07,1.7080984268319241,-10.285491095219829,11.993589522051753,2.269882159754209,8,8,0.1.0,2026-04-27T06:22:00
san_marcos,2026-07,,,,,0,0,0.1.0,2026-04-27T06:22:01
san_martin,2018-07,-3.9481592334395224,-11.439910186208406,7.491750952768884,,8,8,0.1.0,2026-04-27T06:22:31
san_martin,2019-07,-3.6941313543497127,-11.487783974817189,7.793652620467476,0.2540278790898096,2,2,0.1.0,2026-04-27T06:22:32
san_martin,2020-07,-2.882558844224388,-10.456596351592005,7.574037507367617,0.8115725101253246,6,6,0.1.0,2026-04-27T06:22:33
san_martin,2021-07,-3.4766123693984863,-11.50679721888948,8.030184849490993,-0.5940535251740982,7,7,0.1.0,2026-04-27T06:22:34
san_martin,2022-07,-3.1883092729152915,-11.37107590029169,8.182766627376399,0.28830309648319474,3,3,0.1.0,2026-04-27T06:22:35
san_martin,2023-07,-3.218091006046156,-11.46453292610034,8.246441920054185,-0.029781733130864296,7,7,0.1.0,2026-04-27T06:22:36
san_martin,2024-07,-3.0640730900882756,-11.473401369655768,8.409328279567493,0.15401791595788028,7,7,0.1.0,2026-04-27T06:22:37
san_martin,2025-07,-2.914444764497604,-11.09270691374864,8.178262149251035,0.14962832559067163,8,8,0.1.0,2026-04-27T06:22:38
san_martin,2026-07,,,,,0,0,0.1.0,2026-04-27T06:22:39
santa_helena,2018-07,-8.79121367726301,-15.588124093133084,6.796910415870075,,8,8,0.1.0,2026-04-27T06:24:39
santa_helena,2019-07,-8.29361600958867,-15.07636242793714,6.78274641834847,0.49759766767433966,2,2,0.1.0,2026-04-27T06:24:40
santa_helena,2020-07,-6.92190707947539,-14.142474684021796,7.220567604546406,1.3717089301132797,6,6,0.1.0,2026-04-27T06:24:41
santa_helena,2021-07,-8.381250150583938,-15.3501422483269,6.9688920977429625,-1.459343071108548,7,7,0.1.0,2026-04-27T06:24:42
santa_helena,2022-07,-7.827919337266362,-14.82744800999901,6.999528672732648,0.5533308133175758,3,3,0.1.0,2026-04-27T06:24:43
santa_helena,2023-07,-7.379119030245982,-14.438462063049222,7.05934303280324,0.4488003070203801,7,7,0.1.0,2026-04-27T06:24:44
santa_helena,2024-07,-7.46165737872499,-14.491555300116,7.02989792139101,-0.08253834847900787,7,7,0.1.0,2026-04-27T06:24:46
santa_helena,2025-07,-7.094236207409676,-14.105365298686001,7.0111290912763256,0.36742117131531415,8,8,0.1.0,2026-04-27T06:24:47
santa_helena,2026-07,,,,,0,0,0.1.0,2026-04-27T06:24:49
santa_rita,2018-07,-5.068065249256531,-15.000453892098253,9.932388642841723,,8,8,0.1.0,2026-04-27T06:22:24
santa_rita,2019-07,-4.859199363710516,-14.827467599551376,9.96826823584086,0.2088658855460146,2,2,0.1.0,2026-04-27T06:22:24
santa_rita,2020-07,-4.2599027215955125,-13.926820968162197,9.666918246566684,0.5992966421150037,6,6,0.1.0,2026-04-27T06:22:25
santa_rita,2021-07,-4.6140493915277245,-14.67542125421141,10.061371862683686,-0.354146669932212,7,7,0.1.0,2026-04-27T06:22:26
santa_rita,2022-07,-4.275773640648607,-14.314611105603266,10.038837464954659,0.33827575087911743,3,3,0.1.0,2026-04-27T06:22:27
santa_rita,2023-07,-4.3594541786435155,-14.300833057643201,9.941378878999686,-0.08368053799490838,7,7,0.1.0,2026-04-27T06:22:28
santa_rita,2024-07,-3.9199751404554286,-14.124074610336788,10.20409946988136,0.43947903818808687,7,7,0.1.0,2026-04-27T06:22:29
santa_rita,2025-07,-3.989277564388141,-13.959385646586849,9.970108082198708,-0.06930242393271246,8,8,0.1.0,2026-04-27T06:22:30
santa_rita,2026-07,,,,,0,0,0.1.0,2026-04-27T06:22:31
villa_bonita,2018-07,-8.807870641835674,-14.47829182593664,5.670421184100967,,8,8,0.1.0,2026-04-27T06:27:39
villa_bonita,2019-07,-8.693760820001671,-14.239088008627474,5.545327188625803,0.11410982183400264,2,2,0.1.0,2026-04-27T06:27:40
villa_bonita,2020-07,-7.668833594371071,-13.600532880022055,5.931699285650984,1.0249272256306003,6,6,0.1.0,2026-04-27T06:27:41
villa_bonita,2021-07,-8.961734994804383,-14.438805132265047,5.4770701374606645,-1.292901400433312,7,7,0.1.0,2026-04-27T06:27:42
villa_bonita,2022-07,-8.639571500221795,-13.815572635454068,5.176001135232273,0.322163494582588,3,3,0.1.0,2026-04-27T06:27:43
villa_bonita,2023-07,-8.254852098460375,-13.644882507765265,5.39003040930489,0.3847194017614193,7,7,0.1.0,2026-04-27T06:27:44
villa_bonita,2024-07,-8.363984841384232,-13.606472098601134,5.242487257216903,-0.10913274292385644,7,7,0.1.0,2026-04-27T06:27:45
villa_bonita,2025-07,-8.017652525480369,-13.352220121350445,5.334567595870077,0.3463323159038634,8,8,0.1.0,2026-04-27T06:27:46
villa_bonita,2026-07,,,,,0,0,0.1.0,2026-04-27T06:27:47
villa_cabello,2018-07,-4.053194411277975,-13.479259301321205,9.42606489004323,,8,8,0.1.0,2026-04-27T06:26:35
villa_cabello,2019-07,-3.882126188217451,-13.189776218897936,9.307650030680485,0.17106822306052383,2,2,0.1.0,2026-04-27T06:26:36
villa_cabello,2020-07,-3.1507321196851015,-12.455434374652084,9.304702254966983,0.7313940685323495,6,6,0.1.0,2026-04-27T06:26:37
villa_cabello,2021-07,-3.791450708568413,-13.226872246888835,9.435421538320423,-0.6407185888833116,7,7,0.1.0,2026-04-27T06:26:38
villa_cabello,2022-07,-3.583511279977553,-12.874997276416241,9.291485996438688,0.20793942859086023,3,3,0.1.0,2026-04-27T06:26:40
villa_cabello,2023-07,-3.716372047410086,-12.89135256106485,9.174980513654763,-0.13286076743253306,7,7,0.1.0,2026-04-27T06:26:41
villa_cabello,2024-07,-3.6002358903616702,-12.81533557471006,9.21509968434839,0.11613615704841562,7,7,0.1.0,2026-04-27T06:26:43
villa_cabello,2025-07,-3.578207252295295,-12.652691708781955,9.07448445648666,0.02202863806637545,8,8,0.1.0,2026-04-27T06:26:44
villa_cabello,2026-07,,,,,0,0,0.1.0,2026-04-27T06:26:46
villa_mola,2018-07,-2.6068794125000223,-15.274678813663588,12.667799401163565,,8,8,0.1.0,2026-04-27T06:21:44
villa_mola,2019-07,-2.027174748073994,-14.748295194460777,12.721120446386783,0.5797046644260284,2,2,0.1.0,2026-04-27T06:21:45
villa_mola,2020-07,-1.4476963431920469,-14.64545838003977,13.197762036847724,0.579478404881947,6,6,0.1.0,2026-04-27T06:21:46
villa_mola,2021-07,-2.467142388513567,-14.380998508426588,11.91385611991302,-1.0194460453215202,7,7,0.1.0,2026-04-27T06:21:47
villa_mola,2022-07,-2.051207683032024,-13.989456092049995,11.938248409017971,0.415934705481543,3,3,0.1.0,2026-04-27T06:21:49
villa_mola,2023-07,-1.9547449983070766,-13.798771679709782,11.844026681402706,0.09646268472494746,7,7,0.1.0,2026-04-27T06:21:50
villa_mola,2024-07,-1.8197519631333323,-13.93008589258792,12.110333929454587,0.13499303517374428,7,7,0.1.0,2026-04-27T06:21:51
villa_mola,2025-07,-1.8422788927484466,-14.034336786770211,12.192057894021765,-0.022526929615114266,8,8,0.1.0,2026-04-27T06:21:52
villa_mola,2026-07,,,,,0,0,0.1.0,2026-04-27T06:21:53
villa_sarita,2018-07,-3.6008123198123303,-10.950887646224576,7.350075326412245,,8,8,0.1.0,2026-04-27T06:22:39
villa_sarita,2019-07,-3.0766799193934165,-10.742707420036462,7.666027500643045,0.5241324004189138,2,2,0.1.0,2026-04-27T06:22:40
villa_sarita,2020-07,-2.4889563430920862,-10.458914452810674,7.969958109718588,0.5877235763013302,6,6,0.1.0,2026-04-27T06:22:41
villa_sarita,2021-07,-3.2064231505179164,-10.89917090602144,7.692747755503524,-0.7174668074258301,7,7,0.1.0,2026-04-27T06:22:42
villa_sarita,2022-07,-3.096951289244455,-10.594788469638434,7.497837180393979,0.10947186127346153,3,3,0.1.0,2026-04-27T06:22:43
villa_sarita,2023-07,-2.9522467517637194,-10.57507056284054,7.622823811076821,0.14470453748073542,7,7,0.1.0,2026-04-27T06:22:43
villa_sarita,2024-07,-2.7496693975954605,-10.439086612821677,7.689417215226217,0.20257735416825895,7,7,0.1.0,2026-04-27T06:22:44
villa_sarita,2025-07,-2.8131793895923636,-10.292778508777351,7.4795991191849875,-0.0635099919969031,8,8,0.1.0,2026-04-27T06:22:45
villa_sarita,2026-07,,,,,0,0,0.1.0,2026-04-27T06:22:46
villa_urquiza,2018-07,-3.9533735947759667,-13.236222304780885,9.282848710004918,,8,8,0.1.0,2026-04-27T06:23:37
villa_urquiza,2019-07,-3.5064009009255956,-12.809085527589241,9.302684626663645,0.4469726938503711,2,2,0.1.0,2026-04-27T06:23:38
villa_urquiza,2020-07,-2.9615704839705588,-12.346783527333747,9.385213043363187,0.5448304169550369,6,6,0.1.0,2026-04-27T06:23:39
villa_urquiza,2021-07,-3.6198722035181174,-12.787763530543764,9.167891327025647,-0.6583017195475587,7,7,0.1.0,2026-04-27T06:23:40
villa_urquiza,2022-07,-3.2202540547959573,-12.202079387109627,8.98182533231367,0.39961814872216017,3,3,0.1.0,2026-04-27T06:23:41
villa_urquiza,2023-07,-3.269542838921149,-12.278194512316098,9.008651673394949,-0.049288784125191665,7,7,0.1.0,2026-04-27T06:23:42
villa_urquiza,2024-07,-2.963988651483314,-11.887100749550914,8.9231120980676,0.3055541874378349,7,7,0.1.0,2026-04-27T06:23:43
villa_urquiza,2025-07,-2.9755256830729637,-11.724148104934024,8.74862242186106,-0.011537031589649693,8,8,0.1.0,2026-04-27T06:23:44
villa_urquiza,2026-07,,,,,0,0,0.1.0,2026-04-27T06:23:45
yacyreta,2018-07,-4.9867947366606815,-14.913998728884014,9.927203992223333,,8,8,0.1.0,2026-04-27T06:23:30
yacyreta,2019-07,-4.643916752718089,-14.377660371320005,9.733743618601917,0.34287798394259283,2,2,0.1.0,2026-04-27T06:23:31
yacyreta,2020-07,-4.107992333328855,-14.12348203901131,10.015489705682455,0.5359244193892341,6,6,0.1.0,2026-04-27T06:23:32
yacyreta,2021-07,-4.678812281513554,-14.75408030767236,10.075268026158806,-0.5708199481846998,7,7,0.1.0,2026-04-27T06:23:33
yacyreta,2022-07,-4.415979005367474,-14.362289695719817,9.946310690352343,0.26283327614608076,3,3,0.1.0,2026-04-27T06:23:34
yacyreta,2023-07,-4.46920913362593,-14.406665256214918,9.937456122588987,-0.05323012825845641,7,7,0.1.0,2026-04-27T06:23:35
yacyreta,2024-07,-4.385988779994708,-14.407218575850088,10.02122979585538,0.08322035363122193,7,7,0.1.0,2026-04-27T06:23:36
yacyreta,2025-07,-4.4466187069091925,-14.07156198873677,9.624943281827576,-0.06062992691448432,8,8,0.1.0,2026-04-27T06:23:36
yacyreta,2026-07,,,,,0,0,0.1.0,2026-04-27T06:23:37
